﻿id,title,content,likes,url,author,views,created_at,updated_at
18774117,홍명보 취임 기자회견 전문,https://m.sports.naver.com/kfootball/article/108/0003253949과거의 축구 인맥축구였다고 인정은 했더군요.어쨋든 어떤말을 해도 당신의 욕망이 대표팀을 망칠수있다는걸 많은사람들이 알기에 비판하는겁니다.회장과 연락이 없었다? 이임생이 회장입니까?클린스만도 밑에사람 말 무시하고 회장마음대로 꽂았는데?,1,https://www.clien.net/service/board/park/18774117?combine=true&q=%ED%99%8D%EB%AA%85%EB%B3%B4&p=0&sort=recency&boardCd=&isBoard=false,루다나리에,3847,2024-07-29 18:21:35,2024-07-29 18:24:32
18774085,축구 A매치든 월드컵이든 꼭 대패하길,"월드컵 못 나가야 한다고 봅니다.홍명보 기자회견? 기레기회견이죠? 보니까, 와 .. 인맥축구 인정하고 사태 파악을 아직도 못한 저런 멍청하고 얼빠진 쓰레기를 보니까이건 진짜 월드컵 엎어져야 한다고 봅니다.",1,https://www.clien.net/service/board/park/18774085?combine=true&q=%ED%99%8D%EB%AA%85%EB%B3%B4&p=0&sort=recency&boardCd=&isBoard=false,수레기들아,1833,2024-07-29 17:38:00,
18773905,[속보] 홍명보 감독 '개인적 욕심 아닌 한국 축구 발전 위해 도전 결심',https://m.sports.naver.com/kfootball/article/003/0012694919외국인 연봉 요구하고 소속팀 빤스런 버려버리고 불공정 취업 주제에.. 뭔 개x리 인가요???,34,https://www.clien.net/service/board/park/18773905?combine=true&q=%ED%99%8D%EB%AA%85%EB%B3%B4&p=0&sort=recency&boardCd=&isBoard=false,zarder,20375,2024-07-29 13:44:45,2024-07-29 13:44:58
18773895,정의선 회장 '양궁 金 3개는 따야죠'... 女 10연패 위업 함께한 '40년 후원',"현대차그룹은 대한양궁협회 회장사로 1985년부터 40년간 한국 양궁을 후원하고 있다. 현대차그룹과 대한양궁협회는 이번 파리올림픽 양궁 경기장인 앵발리드와 똑같은 시설을 진천선수촌에 건설했고 대회에서 예상되는 음향, 방송 환경 등을 적용해 모의대회를 치렀다. 특히 선수들은 현대차그룹이 개발해 제공한 '개인 훈련용 슈팅로봇'과 일대일 대결을 펼치며 한계에 도전하는 연습을 하기도 했다.

파리 현지에서도 선수들의 컨디션 관리를 위해 최상의 지원을 아끼지 않았다. 현대차그룹은 앵발리드 경기장에서 약 10여㎞ 떨어진 곳의 스포츠클럽을 통째로 빌려 양궁 국가대표팀만을 위한 전용 연습장을 제공했다. 아울러 경기장에서 약 300m 거리에 휴게실과 의무 치료실, 라운지를 갖춘 선수단 휴게 공간을 마련하고 베테랑 영양사와 스포츠심리전문가와 정신건강의학 전문의도 동행시켰다.================================================지원 좋다, 잘한다 다 알고 있었지만 아예 선수촌에 모의 시설을 만들고 연습을 하게 지원할줄은....무시무시하군요...스포츠 협회 후원을 하려면 이렇게 해야 기업도 이미지가 좋아지고 효과도 나는데 말이죠. 같은 정씨가 맡고 있는 협회 어디는....쩝...",4,https://www.clien.net/service/board/park/18773895?combine=true&q=%ED%99%8D%EB%AA%85%EB%B3%B4&p=0&sort=recency&boardCd=&isBoard=false,니끼,7830,2024-07-29 13:28:44,
18773054,손흥민 빗셀고베 평가전 골,https://m.sports.naver.com/wfootball/article/001/0014834063이제 한국에 옵니다!,6,https://www.clien.net/service/board/park/18773054?combine=true&q=%ED%99%8D%EB%AA%85%EB%B3%B4&p=0&sort=recency&boardCd=&isBoard=false,루다나리에,14202,2024-07-27 21:17:14,2024-07-27 21:18:02
18772435,정몽규 회고록에 담긴 남탓,https://bbs.ruliweb.com/community/board/300143/read/67001263진짜 지가 클린스만 데려와서 1년간 개판난거 책임 안질라고 회고록에서도 반성은 전혀없네요.이렇게 뻔뻔해야 이자릴 버티는건가?원팀은 올바른 감독과 코치진의 노력 그리고 협회의 행정지원과 관리도 들어가야하는건데 오로지 선수탓 ㅉㅉ그래서 구시대적 기강원툴 홍명보 선임? ㅋㅋㅋ이외에도 과거에 홍명보를 축협회장에 추천한적도 있다는 말도 있구 별의별 헛소리가 많습니다.책가격도 치킨값만하더만..,4,https://www.clien.net/service/board/park/18772435?combine=true&q=%ED%99%8D%EB%AA%85%EB%B3%B4&p=0&sort=recency&boardCd=&isBoard=false,루다나리에,6342,2024-07-26 17:55:51,2024-07-26 18:06:43
18772262,요즘 강유정 의원님 마음에 듭니다.,"최근행보 ""강유정 국회의원 ""축구협회, 홍명보같은 감독 강제 차출 너무 많아… 타종목보다 더 독선적""대한축구협회의 감독 선임 방식에 대해 '독선적이고 시대착오적'이라고 지적https://v.daum.net/v/20240719111931410""게임, 질병코드 강제 분류 막는다""…강유정 의원, 통계법 개정안 발의https://www.newsis.com/view/NISX20240716_0002813465강유정 의원, ‘김용원 방지법’ 대표 발의! http://www.dhns.co.kr/news/articleView.html?idxno=335844개인적으로 축구도 좋아하고 게임도 좋아하다보니 관련이슈에서 활약을 하셔서 기분좋습니다.이뿐 아니라 국감에서도 활약하시는거보니 확실히 실력도 있으시더군요.지금까지 행보는 정말 기대되는분 같습니다.특히 게임은 최근에 괜한 말딸끌고와서 헛소리하신분과는 문화산업에 대한 이해도 차이가 좀 크구나 싶은 대목입니다.",5,https://www.clien.net/service/board/park/18772262?combine=true&q=%ED%99%8D%EB%AA%85%EB%B3%B4&p=0&sort=recency&boardCd=&isBoard=false,svpersonic,5230,2024-07-26 13:42:14,2024-07-26 13:42:22
18771710,홍명보 귀국..스페인 수석코치 셀라데스는 연령별 대표팀도 겸직예상,https://m.sports.naver.com/kfootball/article/011/0004371481https://m.sports.naver.com/kfootball/article/422/0000672808https://m.cafe.daum.net/rocksoccer/ADvs/334932?q=%EC%85%80%EB%9D%BC%EB%8D%B0%EC%8A%A4&https://m.cafe.daum.net/SoulDresser/FLTB/883554?q=%ED%99%8D%EB%AA%85%EB%B3%B4&일단 취임 기자회견은 다음주 월요일입니다.수석코치 피지컬 코치를 이번에 구해왔나본데..수석코치 셀라데스는 발렌시아시절 이강인 지도했던 감독입니다.다만 4년간 쉬었기때문에 지금 얼마나 잘할지는 의문이고한만성 기자 썰로는 u23 감독을 겸직하게 될것 같다는 말이 나옵니다.스페인 코치들로 꾸리는것 같은데 홍명보 보다 커리어 좋은 코치진들이라..아 해외파 선수들 만나고 온것도 얼마나 선수들이 부담스러웠을지 눈에 선합니다.월요일 기자회견때도 좋은 반응은 없을것 같고이와중에 정몽규 회고록 ㅋㅋㅋㅋ전문가들이 이제 저거 읽고 엄청 비판하겠네요.,0,https://www.clien.net/service/board/park/18771710?combine=true&q=%ED%99%8D%EB%AA%85%EB%B3%B4&p=0&sort=recency&boardCd=&isBoard=false,루다나리에,3861,2024-07-25 15:36:39,
18771139,근데 생각해보니 홍명보 손흥민 만나러 간거,,0,https://www.clien.net/service/board/park/18771139?combine=true&q=%ED%99%8D%EB%AA%85%EB%B3%B4&p=0&sort=recency&boardCd=&isBoard=false,몽테스,3872,2024-07-24 18:19:10,
18771038,국대 수석코치 유력한 알베르트 셀라데스 이력,실질적으로단장: 홍명보감독: 알베르트 셀라데스이런 느낌이 될 거 같습니다.그러니 지금이라도 그냥 물러나세요 홍명보씨,0,https://www.clien.net/service/board/park/18771038?combine=true&q=%ED%99%8D%EB%AA%85%EB%B3%B4&p=0&sort=recency&boardCd=&isBoard=false,modemate,4336,2024-07-24 15:33:18,
18770205,문체부가 축협 감사할때 꼭 파고들어야할 지점,"1. 계속 거절했던 홍명보감독이 어떻게 12인 명단에 남아있게 된건지 그 경위 2. 계속 거절했기 때문에 그 어떤 서류도 계획도 지원조차 하지 않은 홍명보 감독이 어떻게 최종 3인이 될 수 있었는지 그 근거3. 최종 3인의 화상면접에도 (당연히)참석하지 않은 홍명보 감독이 어떻게 화상면접 후 3명 중 1순위가 될 수 있었는지 비교의 과정과 근거기준4. 지원하지 않았기에 그 어떤 자료제출도 지원서도 프레젠테이션도 하지 않고 심지어 그 어떤 온,오프라인 면담도 하지 않았던 홍명보 감독을 어떤 기준으로 1순위로 정하고 기술이사가 찾아가 부탁하게 된건지의 과정과 근거 후보를 좁히는 과정에서 각 단계마다 의문이 있습니다. 이 부분에 대한 근거자료를 파내셔야 할 것 같습니다. 또한 다른 자금유용이나 횡령 또는 청탁은 없는지 그런 부분들도 투트랙으로 함께 봐야 합니다. (개인기기 포함)",1,https://www.clien.net/service/board/park/18770205?combine=true&q=%ED%99%8D%EB%AA%85%EB%B3%B4&p=0&sort=recency&boardCd=&isBoard=false,Domybest,1495,2024-07-23 12:24:09,2024-07-23 12:29:36
18769918,축구협회 변명이 참 시바견이네요.,시바견 견주분들께는 죄송합니다..홍명보 감독은 잘 알고 있어서 면접볼 필요가 없었다니...우리는 사회적으로 그걸 채용 비리 내지는 특혜라고 부르기로 했어요...멍멍이들아..,4,https://www.clien.net/service/board/park/18769918?combine=true&q=%ED%99%8D%EB%AA%85%EB%B3%B4&p=0&sort=recency&boardCd=&isBoard=false,니끼,5260,2024-07-22 22:20:30,2024-07-22 22:22:05
18769816,구구절절 감독선임 논란 설명한 축협,https://www.kfa.or.kr/layer_popup/popup_live.php?act=news_tv_detail&idx=26440&div_code=news&check_url=bGF5ZXI=&lang=KORhttps://m.sports.naver.com/kfootball/article/215/0001171939다른 감독들에게는 깐깐홍명보에게는 프리패스 ㅋㅋㅋ 자료 많이 준비해서 어필한다고 경쟁력있지않다.국내감독들은 평소에 잘안다 이런 드립을 치고 있네요 ㅡㅡ아오 더 성질 돋구게 하는 놈들입니다.온갖곳에서 압박들어오니 해명하나본데 안믿어요~ 못믿어요~,0,https://www.clien.net/service/board/park/18769816?combine=true&q=%ED%99%8D%EB%AA%85%EB%B3%B4&p=0&sort=recency&boardCd=&isBoard=false,루다나리에,3656,2024-07-22 18:42:50,2024-07-22 18:44:06
18768585,정몽규가 국축 인사들한테 먹힌 거 아닌가 싶네요.,"정몽규는 꼭 국내파나 홍명보를 고집할 이유가 없는 사람입니다. 명예와 치적을 위해 축협을 맞고 있는 거라 그 안에서 지킬 국내파 기득권 같은 게 없는 사람이죠.여론 눈 밖에 나면 손해 밖에 안 돼요.그래서 그동안 뭐가 어찌됐건 해외파 감독을 선임해 왔던 거고요.홍명보를 사수해야 하는 사람들은 국내 축구판 인사들이죠.오히려 정몽규가 홍명보의 지도력에 의문을 표해서 홍명보가 분노 했었다는 기사도 났엇죠.지금 상황을 보면 좀 이해가 안 가는 데요.이만큼 여론이 나쁜데 끝끝내 강행을 하고 여론과 싸우잔 듯이 나온다?이건 정몽규 보다는 그 아래 깔린 사람들의 성향에 부합한다고 봐야죠.정몽규가 아무리 회장이라고 해도 자기 사람 아무도 없이 협회 운영할 수는 없는 거고지금 상황을 보면 정몽규도 홍명보 본인의 강한 의지 + 홍명보를 중심으로 모인 카르텔에 끌려 가고 있는 건 아닐까 싶은생각도 드네요.저는 정몽규만 욕하는 건 허수아비 치기라고 보는데,정몽규가 물러 나고 축구인들이 협회 장악하면 그때야 말로 국민 눈치 하나 보지 않는 진정한 기득권 대잔치를 보게 될 것이라 봐요.",0,https://www.clien.net/service/board/park/18768585?combine=true&q=%ED%99%8D%EB%AA%85%EB%B3%B4&p=0&sort=recency&boardCd=&isBoard=false,이벤나우,2543,2024-07-20 17:07:47,
18768581,"홍명보, 런던서 손흥민과 1시간 독대…김민재·이재성도 곧 면담",https://m.sports.naver.com/kfootball/article/001/0014818594손흥민 인스타에 홍명보 만나지말아달라고 요청하는 팬들 진짜 많았는데..현역선수들이 거부하기 어려운 상황에 독대까지 했으니 감독이 얼마나 자기를 이해하고 잘부탁한다 선수들에게 동의를 구해달라 설득작전 들어갔을지 눈에 선합니다.거기에 같이 찍은 사진도 나중에 공개되겠죠.이제 독일가서 김민재 이재성도 만날거고 프랑스가서 이강인 만날 가능성도 있구요.아오 진짜 홍명보는 코치 구하러 가면서 선수들 만나서 어떻게든 여론 돌릴라고 수쓰는게 짜증납니다.전술력이 부족하니까 울산때도 지금도 외국인코치 의존도 높은거구요.,0,https://www.clien.net/service/board/park/18768581?combine=true&q=%ED%99%8D%EB%AA%85%EB%B3%B4&p=0&sort=recency&boardCd=&isBoard=false,루다나리에,7648,2024-07-20 16:55:56,
18768105,2014년 감독 퇴진 이후 홍명보,"10년 후 ""저는 저를 버렸습니다""..",3,https://www.clien.net/service/board/park/18768105?combine=true&q=%ED%99%8D%EB%AA%85%EB%B3%B4&p=0&sort=recency&boardCd=&isBoard=false,선비사냥꾼,9591,2024-07-19 19:20:42,
18768006,문체부 '홍명보 선임 논란' 감사한다…축구협회 '성실히 임할것,https://n.news.naver.com/article/001/0014817707?sid=103드디어 감사 확정 됐군요.그 다음 차례는 문체위 여야의원들의 질의 타임도 곧 오겠죠.피파규정을 어기지 않는 선에서 할수있는것은 다 해야합니다.,1,https://www.clien.net/service/board/park/18768006?combine=true&q=%ED%99%8D%EB%AA%85%EB%B3%B4&p=0&sort=recency&boardCd=&isBoard=false,루다나리에,2547,2024-07-19 16:45:58,
18767910,"축협 : '박주호가 자기 사람을 감독으로 앉히려고 했다..' (제시 마치, 투헬 사단 등)","https://www.wikitree.co.kr/articles/968692https://mksports.co.kr/view/2024/531092“박 위원은 제시 마치, 후벵 아모림, 바스쿠 세아브라 등을 국가대표팀 감독 후보군에 올렸다. 박 위원은 토마스 투헬 감독 사단에도 연락을 취했다. 박 위원이 그들의 에이전시와 깊은 연관이 있는 것으로 안다. 박 위원이 자기 사람을 국가대표팀 감독으로 앉히려는 데 힘썼다는 얘기가 돌았다. 그게 뜻대로 되지 않으면서 폭로로 이어졌다는 게 일부 축구인들의 주장이다.”축협 회장은 박주호가 해야겠네요..축협 라인은 홍명보(14년 월드컵 대실패), 황선홍(올림픽 탈락) 이였는데요..투헬 사단을 자기 사람으로 데리고 있는 박주호 축협 회장 지지합니다..",44,https://www.clien.net/service/board/park/18767910?combine=true&q=%ED%99%8D%EB%AA%85%EB%B3%B4&p=0&sort=recency&boardCd=&isBoard=false,겐짱.,24124,2024-07-19 14:45:15,
18767491,문체부 조사 예고에…축구협회 “월드컵 못 나가” 으름장,"발췌홍명보 남자 축구 대표팀 감독 선임 과정, 협회 운영 전반에 문화체육관광부의 조사 예고에 대한축구협회가 불편한 심경을 내비쳤다. 한 협회 고위 관계자는 “회장이나 임원 자격을 심사할 수 있어도 기술적인 부분을 마음대로 할 수는 없다. 전 세계에 그렇게 하는 나라는 존재하지 않는다”고 말했다.각국 협회 운영의 자율성, 정치권으로부터 독립을 규정한 국제축구연맹(FIFA) 정관을 염두에 둔 발언으로 해석된다. FIFA는 정치적 중립 의무 위반을 근거로 앞서 쿠웨이트의 월드컵 참가를 막은 바 있다. 일부 팬들은 협회가 월드컵 출전 금지 가능성을 언급하는 것은 현 체제를 지키기 위한 협박이라며 반발하고 있다.자세한 내용은 기사 전문을 참고하시기 바랍니다.",1,https://www.clien.net/service/board/park/18767491?combine=true&q=%ED%99%8D%EB%AA%85%EB%B3%B4&p=0&sort=recency&boardCd=&isBoard=false,PRES21,2984,2024-07-18 20:42:04,
18767323,정부가 축협쪽으로 시선을 돌릴려는건가요?,https://n.news.naver.com/article/003/0012674753정몽규를 어지간히 싫어하는건지 ㅎㅎ 정부가 계속 관심을 가지네요 흠.. ,0,https://www.clien.net/service/board/park/18767323?combine=true&q=%ED%99%8D%EB%AA%85%EB%B3%B4&p=0&sort=recency&boardCd=&isBoard=false,몽글이동글이,904,2024-07-18 16:35:35,
18766732,런던에서 손흥민 만난다는 홍명보/원로 이회택..비판 축구인들에게 쓴소리,https://m.sports.naver.com/kfootball/article/001/0014812782https://m.sports.naver.com/kfootball/article/144/0000976111일단 홍명보는 런던에서 손흥민 만나는게 사진하나 화기애애한거 하나 박고 공개하면 주장도 나를 인정했다 그만하자 이제이런 뉘앙스를 풍기려는게 아닌지 느껴지고.(맘 같아서는 쏜이 진짜 만남을 이런저런 이유로 거ㅂ.. 읍읍)다른리그 가서 다른 해외파들 만나도 그러지 않을까 싶군요.독일도 행선지에 있으니 김민재 이재성 정우영등등..그리고 축구계 원로 이회택도 축협에게 문제가 있다한들 그들에게 비판만한다고 되는게 아니다.이미 이사회가 승인했고 축구인들이 뽑았으니 비판 그만하고 대동단결해서 홍명보 감독 잘되길 바라자이런 말씀을 하시니 진짜 답답하네요.축구인 뿐만 아니라 국가기관과 정치권들까지 축협문제에 나서는 마당에..ㅡㅡ이렇게 사태파악 안되고 조직을 신경쓰시다니.,1,https://www.clien.net/service/board/park/18766732?combine=true&q=%ED%99%8D%EB%AA%85%EB%B3%B4&p=1&sort=recency&boardCd=&isBoard=false,루다나리에,6646,2024-07-17 18:57:33,
18766649,"[기사] 홍명보, 손흥민 만난다","https://m.sports.naver.com/kfootball/article/056/0011763644유럽 현지에 머물고 있는 축구 관계자는 KBS 취재진에 ""홍명보 감독이 현재 스페인에 체류 중인데 이번 주 토트넘을 만날 계획을 세웠다.""고 전했습니다. 이어 ""이르면 내일 혹은 모레, 손흥민을 만날 예정인 것으로 알고 있다.""고 덧붙였습니다.예상했던 대로의 행보로군요https://www.clien.net/service/board/park/18764966
CLIEN손흥민은 홍명보의 예전 모습 똑똑히 기억하고 있겠죠...",0,https://www.clien.net/service/board/park/18766649?combine=true&q=%ED%99%8D%EB%AA%85%EB%B3%B4&p=1&sort=recency&boardCd=&isBoard=false,modemate,4745,2024-07-17 16:26:49,2024-07-17 18:23:22
18766034,스포츠윤리센터에 홍명보 감독 선임 관련 신고…조사 착수,https://m.sports.naver.com/kfootball/article/001/0014810097https://m.sports.naver.com/kfootball/article/382/0001138664사방팔방에서 조준하고 비판이 쏟아지고 압박이 가해지고 있는데내년 1월 차기회장 선거는 꿈도 꾸지 마시고 정.홍 그리고 각 적폐들 손잡고 나가세요 제발.그리고 축협도 다른 대안을 가진 회장 후보들이 적극적으로 나서면 좋겠습니다.축구에 온전히 투자 할수있는 재력도 물론 있어야겠지만.,0,https://www.clien.net/service/board/park/18766034?combine=true&q=%ED%99%8D%EB%AA%85%EB%B3%B4&p=1&sort=recency&boardCd=&isBoard=false,루다나리에,1669,2024-07-16 18:59:02,
18766025,침착맨 어제 홍명보 발언 그래도 잘 수습한 것 같네요,"단군은 뭐 준비할 시간도 별로 없이 왔을텐데, 역시나 평소에 축구 좋아하고 워낙 말을 잘하는 사람이다 보니 비유도 적절하게 들면서 일타 강사 수준으로 기가 막히게 상황 설명해주면서 수습해주고 가네요침착맨은 평소에 친구 잘 만들어둔 덕을 이번에 본듯 합니다암튼 침착맨도 어제 실수하긴 했지만, 다음날이라도 바로 이렇게 인정하고 대처하는거 보니 다행이네요뭐 잘못은 잘못이라고 보지만.. 그렇다고 뭐 엄청 크리티컬한 수준의 잘못까진 아니었으니이 정도면 개인적으로는 잘 수습했다고 보네요",5,https://www.clien.net/service/board/park/18766025?combine=true&q=%ED%99%8D%EB%AA%85%EB%B3%B4&p=1&sort=recency&boardCd=&isBoard=false,house20,9615,2024-07-16 18:47:38,
18766023,"축구협회, 이사회 회의록 공개를 요청 거절","강유정 의원이 홍명보 감독 선임 직후 축구협회에이사회 회의록 공개를 요청했으나 협회는 자율권을 앞세워 거부했네요.  축구협회의 예산 중 절반 정도는 스포츠토토 지원금, 국민체육진흥기금같은 공적 자금으로 지원될텐데요. 자율권을 내세워 거부라…. 뭔가 구리긴 한가봅니다.",3,https://www.clien.net/service/board/park/18766023?combine=true&q=%ED%99%8D%EB%AA%85%EB%B3%B4&p=1&sort=recency&boardCd=&isBoard=false,Weezer,3471,2024-07-16 18:45:32,
18765897,홍명보는 입만 열면 논란이네요,내 안의 뭔가가 올라왔니 나를 나를 버렸니 이런 이상한 소리를 하다가자기 인생의 마지막 도전이니  많이 응원해달라니 아니 뭔 한국축구를 응원해달라고도 아니고 넘 황당합니다 ㅡ.ㅡ 진짜 이번 사태의 핀트를 어디에 둬야 하는지 1도  모르는 인간같습니다버티다가 끌려내려오는 추한 모습 보이지말고 이 정도에서 하차 해주길 바랍니다,0,https://www.clien.net/service/board/park/18765897?combine=true&q=%ED%99%8D%EB%AA%85%EB%B3%B4&p=1&sort=recency&boardCd=&isBoard=false,zenka21,4973,2024-07-16 15:40:42,
18765882,"[오피셜] 김판곤, 말레이지아 대표팀 감독 사임",공식 사임 발표입니다.다음 행선지는 울산 HD 가 유력합니다.,0,https://www.clien.net/service/board/park/18765882?combine=true&q=%ED%99%8D%EB%AA%85%EB%B3%B4&p=1&sort=recency&boardCd=&isBoard=false,modemate,4742,2024-07-16 15:15:07,
18765703,"[단독] 김판곤 감독, 말레이시아 사령탑에서 사임… 오늘 현지에서 기자회견 예정","발췌김판곤 말레이시아 축구 국가대표팀 감독이 자리에서 물러난다.

말레이시아 축구계의 정통한 관계자에 따르면, 김 감독은 16일 오후 3시 30분(한국 시간) 쿠알라룸푸르 페탈랑 자야에 위치한 말레이시아축구협회(FAM) 본부 건물에서 사임 기자회견을 연다.

감독이 사임 기자회견을 가지는 건 이례적이다. 대부분 협회 혹은 클럽은 감독의 퇴임 혹은 사임을 발표할 때 성명문 정도로 갈음하는 경우가 많다. 하지만 김 감독은 자신의 퇴임과 관련해 불필요한 오해를 불식시키기 위해 기자회견에 응한다. 김 감독은 지난 2년 6개월 동안 말레이시아를 이끌며 느꼈던 현지 축구팬들의 애정에 감사를 표할 계획인 것으로 알려졌다.

김 감독은 지난 2022년 1월 말레이시아와 계약을 맺고 2년 6개월 동안 팀을 이끌어왔다.자세한 내용은 기사 전문을 참고하시기 바랍니다.",0,https://www.clien.net/service/board/park/18765703?combine=true&q=%ED%99%8D%EB%AA%85%EB%B3%B4&p=1&sort=recency&boardCd=&isBoard=false,PRES21,4125,2024-07-16 10:48:02,
18765544,침착맨..홍명보 실언 사과,https://m.cafe.daum.net/ssaumjil/LnOm/3157141?q=%EC%B9%A8%EC%B0%A9%EB%A7%A8+%ED%99%8D%EB%AA%85%EB%B3%B4&https://m.entertain.naver.com/article/003/0012667926침형 민희진 때는 그러려니 하고 넘어갔더라도이번에는 왜...파리올림픽도 스브스랑 같이 협업해서 파비앙이랑 같이 현지간다는데 그 예고 스팟 봐도 자기는 스포츠 잘모른다고 솔직히 얘기했었어요.이번이슈 잘 모르면 잘 알고나서 이야기를 하시던가 그랬어야 했는데 너무 방정맞게 얘기하신것 같습니다.아니면 전문가 대동해서 같이 이야기 해봤어야..침착맨님 입이 무거워야할때는 무거워야합니다.잘 모르는것에 그냥 끼어들기하면 사람들이 비판 많이해요.갑자기 펩 타령하시고..누가 현실적이지도 않은 명장 데려오라 한것도 아닌데..,11,https://www.clien.net/service/board/park/18765544?combine=true&q=%ED%99%8D%EB%AA%85%EB%B3%B4&p=1&sort=recency&boardCd=&isBoard=false,루다나리에,34239,2024-07-16 01:29:30,
18765337,무리수 던지면서도 홍명보를 국대 감독으로 강행하는게 이런 이유도 있지 않을까요,"이번 북중미 월드컵이 최초로 48강 체제로 들어가는거라 지역예선 통과가 역대보다 훨씬 쉽잖아요.아시아 티켓이 4.5장에서 8.5장이 되었으니 아시아 확정티켓이 4장에서 8장으로 2배로 늘어났죠.거기다 멤버는 역대 최강 스쿼드인 것 같거든요.월드컵 본선에 가서도 48개국이 4팀 1조로 조별예선을 할거로 보이는데 1,2위 확정 3위 순위에 따라 8팀 진출이면 조별예선 통과라는 타이틀을 따는게 그만큼 쉬워지는거 아닌가 싶어요.조별예선 통과 가능성도 있으니 32강 진출 같은거 대신 조별 예선 통과 타이틀을 쓸 수 있고 토너먼트 한번만 이긴다면 최초로 한국이 월드컵에서 원정 토너먼트라운드 승리라는 업적을 달성할 수도 있죠.뭔가 월드컵에서 성과를 포장하기에 제일 유리한 기회가 이번 월드컵이 아닌가 싶어요.그래서 축협내 인사들도 국내감독을 강행한거 아닌가 싶기도 하구요.",0,https://www.clien.net/service/board/park/18765337?combine=true&q=%ED%99%8D%EB%AA%85%EB%B3%B4&p=1&sort=recency&boardCd=&isBoard=false,매노,3034,2024-07-15 19:07:37,
18765311,홍명보 감독은 프로세스 다 깨부수고 왔으면 사과는 못해도 응원은 바라지 말아야죠.,"국대 감독 선임에 대한 모든 프로세스를 무시하고 부임한 상황인데""인생 마지막 도전이니 응원 바란다"" 고 말한건 너무....이기적으로밖에 들리지 않아요.왜 우리가 당신의 인생 마지막 도전이라고 프로세스를 다 무시한걸 받아들여야 하는걸까요.",4,https://www.clien.net/service/board/park/18765311?combine=true&q=%ED%99%8D%EB%AA%85%EB%B3%B4&p=1&sort=recency&boardCd=&isBoard=false,니끼,4264,2024-07-15 18:19:48,
18765289,정치권에서 홍명보를 국감 증인으로 출석시키려고 하는군요.,https://v.daum.net/v/20240715133422439정치권 개입의 문제도 신중하긴 해야하는데 마치 선동열 불렀을때처럼 부르려고 검토중인가봅니다.여야 의원들에게서 모두 말 나오네요.정당성이 많이 무너진 상황이라 어떻게든 추궁하긴해야합니다.근데 부르려면 몽큐도 같이 불러야죠!,0,https://www.clien.net/service/board/park/18765289?combine=true&q=%ED%99%8D%EB%AA%85%EB%B3%B4&p=1&sort=recency&boardCd=&isBoard=false,루다나리에,2341,2024-07-15 17:53:46,
18765227,홍명보 감독에 대한 예지력 +1 올랐습니다~,어제 관련 글에 댓글 달았는데...그것이 이루어 졌습니다.감사하빈다.,3,https://www.clien.net/service/board/park/18765227?combine=true&q=%ED%99%8D%EB%AA%85%EB%B3%B4&p=1&sort=recency&boardCd=&isBoard=false,화이트덕,7094,2024-07-15 16:34:36,
18765212,K리그 입장에선 국대랑 같이 안엮인게,"그나마 현 상황에 피해가 덜하네요운영주체도 국대는 대한축구협회 / 리그는 한국프로축구연맹으로 분리국가대표 핵심멤버들 대부분이 K리그 출신이긴하지만 어쨌건 현역 K리거들은 거의 없고, 일단 국내파 해외파를 떠나 현 국대 침몰이 선수들 개인사나 인성 논란으로 촉발된거는 없으나까요.최근 세계축구 트렌드도 국가대표 축구보다는 클럽축구로 넘어가고 있는만큼 우리나라도 클럽팀 하나하나의 마케팅 경쟁력이나 경기 수준이 높아지면서, 몽규가 국대 아무리 처말아먹어봐야 리그에 타격은 덜할거라는 어느 정도의 자신감이 그래도 리그 내에서 유지되는 분위기입니다.나름 리그 자체 홍보력을 갖추면서 국가대표 발탁과 무관하게 순수 리그 활약만으로 관중 몰이를 할 수 있는 선수들이 나오고 있기도 하고요.그.. 코리아FC라는 팀은 망했고요. 강원FC는 잘 나갑니다.다만 코리아FC랑 같은 구단주를 가진 부산 아이파크는 깊은 애도를...",0,https://www.clien.net/service/board/park/18765212?combine=true&q=%ED%99%8D%EB%AA%85%EB%B3%B4&p=1&sort=recency&boardCd=&isBoard=false,강원대망론,2177,2024-07-15 16:06:04,2024-07-15 16:06:54
18765201,홍명보 감독 유럽 출장길 기자회견,선후배들이 지적을 해도 앞으로 나아가는데 좋은부분을 잘 담아갈거라하고자신의 마지막도전에 응원을 해주시면 감사하겠다하니이걸 지켜보는 축구인과 팬들은 속이 답답합니다..피지컬코치.전술코치 선임하러 추려낸 후보들을 포르투갈.스페인가서 만날거라더군요.,0,https://www.clien.net/service/board/park/18765201?combine=true&q=%ED%99%8D%EB%AA%85%EB%B3%B4&p=1&sort=recency&boardCd=&isBoard=false,루다나리에,4472,2024-07-15 15:55:23,2024-07-15 15:56:08
18764966,개인적으로 예측하는 홍명보의 위기탈출방법,손흥민 김민재 이강인 황희찬현지에서 만나서 사진찍고 기사내고 할겁니다.핵심 선수들만 회유할 수 있으면 위험은 없다고 봐도 되겠죠.,0,https://www.clien.net/service/board/park/18764966?combine=true&q=%ED%99%8D%EB%AA%85%EB%B3%B4&p=1&sort=recency&boardCd=&isBoard=false,modemate,2229,2024-07-15 10:32:19,
18764942,[본인피셜] 홍명보: 내 인생 마지막 도전…많은 분들 응원해 주시길,"https://v.daum.net/v/ykwbNpJqtO쏟아지는 세간의 우려에는 ""많은 분들이 걱정하는 걸 이해하고 있다. 하지만 저는 제 인생의 마지막 도전에 많은 분들이 응원해 주시면 감사하겠다""고 말했다. 내가 국대 황금세대 꿀 빠는걸 아무도 막을수 없으셈국대 사유화도 아니고 이건 뭐 ㅋㅋ 갑갑하네요",5,https://www.clien.net/service/board/park/18764942?combine=true&q=%ED%99%8D%EB%AA%85%EB%B3%B4&p=1&sort=recency&boardCd=&isBoard=false,modemate,9521,2024-07-15 10:01:51,2024-07-15 10:06:08
18764790,홍명보가 감독되면 혹시,주멘도 한자리 할 가능성이 크겠죠?두 조합 정말 극혐인데요.,1,https://www.clien.net/service/board/park/18764790?combine=true&q=%ED%99%8D%EB%AA%85%EB%B3%B4&p=1&sort=recency&boardCd=&isBoard=false,큰구름,12037,2024-07-15 00:15:09,2024-07-15 00:21:27
18764731,홍명보는 깡이 좋은 건지 달달한 뭔가에 미친 건지,많은 명장들을 거치며 현대축구를 통달한 ‘The master’ 손흥민스페인의 정밀한 축구와 파리의 빵맛을 두루 섭렵한 이강인선수는 전술로 흥하고 전술로 나락 간다는 것을 스스로 체감하며 다이어가 전술에 의해 사람되는 과정까지 지켜 본 김민재The Korean guy이런 선수들을 지휘하겠다고 시즌 중인 자기 팀까지 내던지고 달려든 그 정신세계가 궁금합니다.,17,https://www.clien.net/service/board/park/18764731?combine=true&q=%ED%99%8D%EB%AA%85%EB%B3%B4&p=1&sort=recency&boardCd=&isBoard=false,Roxy,20602,2024-07-14 22:30:29,2024-07-14 22:31:47
18764163,축협 진짜 망하게 할 방법 없나요 ㅠㅠ,니네가 떠들어봤자 어쩔껀데 하는 무능력 꼰대회장과 꼰대집단 똘마니들 사라졌으면 좋겠네요 ㅠㅠ내로남불과 한번 한국축구 망쳐놓고 자기 아니면 한국축구 안된다는 궤변과 변명만 늘어놓는 무능력 감독 홍명보가 있는한 2026 월드컵 한번 못나가는한이 있어도 정치권에서 개입해줘야 할 거 같어요 홍명보는 제발 지 능력없는거 알면서도 국대감독 할려고 하는지 이해를 못하겠네요 ㅠㅠ혹시나 클리앙에 홍명보감독 지인들 있다면 말려주세요 제발 능력도 없는데 한국축구를 위해 그냥 사라져달라고요. ㅠㅠ ,2,https://www.clien.net/service/board/park/18764163?combine=true&q=%ED%99%8D%EB%AA%85%EB%B3%B4&p=1&sort=recency&boardCd=&isBoard=false,몽글이동글이,8063,2024-07-13 21:35:10,2024-07-13 21:35:32
18764101,홍명보의 첫임무는 유럽 코치진 선임 작업,https://m.sports.naver.com/kfootball/article/108/0003250170에휴..이사회에서도 승인됐다고 합니다..ㅡㅡ그리고 코치진이라도 유럽파 뽑아서 하는가 보네요.,2,https://www.clien.net/service/board/park/18764101?combine=true&q=%ED%99%8D%EB%AA%85%EB%B3%B4&p=2&sort=recency&boardCd=&isBoard=false,루다나리에,10887,2024-07-13 19:11:18,
18764021,선수들 컨트롤 전혀 안될 것 같은 홍명보 상황,https://m.cafe.daum.net/dotax/Elgq/4417544?q=%ED%99%8D%EB%AA%85%EB%B3%B4&https://v.daum.net/v/20240712103545456와 대표팀 선수단 내부에서도 저런 말들이 돌았군요..울산선수단 뿐만 아니라..아 진짜 축협 보면 볼수록 화나고 홍명보도 진짜 짜증납니다.김판곤이랑 행정할때 일 잘했고 울산 와서도 잘해놓고왜 대표팀 감독 선임 절차가 무너진 타이밍에 수락을 해가지고 이 사단을 냅니까..정.홍...ㅡㅡ60대 이상 남성층에서만 긍정이 높지만 이마저도 과거에 비하면..,8,https://www.clien.net/service/board/park/18764021?combine=true&q=%ED%99%8D%EB%AA%85%EB%B3%B4&p=2&sort=recency&boardCd=&isBoard=false,루다나리에,16511,2024-07-13 15:57:49,
18764013,월드컵이 잘못되면 홍명보만 또 욕받이가 되겠죠,2014때도 사실 홍명보가 아무 잘못도 없다라고 할수는 없지만.....최종예선부터 본선까지 끝까지갈 감독을 섭외한게 아니라최강희 감독을 최종예선까지만 지휘할 감독으로 뽑은거부터가 단추 잘못끼운거였죠.냉정하게 말해서 한국대표팀 수준은 히딩크같은 명장도 1년을 합숙시켜서 해야 성과 나오는 팀인데.....세계적 명장을 섭외하지도 못하면서 최종예선용 감독 따로 본선용 감독 따로 이게 말이 안되는거였죠.최강희를 무슨수를 써서든 설득해서 본선까지 끌고가게 하던가 아니면 처음부터 최강희 말고 본선까지 갈 감독을 뽑았어야 했습니다.결국 그때도 홍명보 감독이랑 선수들이 모든 욕을 다 먹고 축협은 뒤에 숨었었죠.물론 잘못이 없다고는 할 수 없지만 애초에 프로 지휘경력 없던 감독에연령제한있는 올림픽대표팀 성과만 있던 감독을 월드컵이라는 큰무대 감독에그것도 예선부터 같이 본선까지 가는게 아니라 예선 끝나고 부터 하는거였으니당시 폼보다는 올림픽때 써봤던 선수들 위주로 부르고 결국 성적도 최악으로 끝났죠.지금이야 홍명보 감독이 K리그에서 경력도 꽤 쌓았고 성과도 냈으니 프로팀 지휘경력 없던 2014때보다야 낫지만....결국 이래나 저래나 축협의 잘못은 시간지날떄까지만 버티면 잊혀지겠군요.홍명보 감독이 성과가 좋으면 결과적으로 좋은성과 냈으니 감독선임 프로세스 엉망이었던건 거기에 가려질꺼고반대로 망하면 홍명보 감독과 선수들을 욕받이 희생양으로 새워서 감독선임 프로세스 엉망이었던거 가릴수있죠.2014 월드컵 끝나고 홍명보 뒤에 잘 숨어서 어물쩡 넘어간 경험이 있으니까요.거기에 2024 아시안컵때처럼 선수들끼리 싸워주면 축구협회가 뒤에 숨기엔 더 좋고.....만약에 2026 월드컵 성적이 똥망이라면 선수단 내부갈등은 엄청 빠르게 뉴스에 나오겠군요.그때도 손흥민 이강인때처럼 초스피드 인정기사 나올꺼구요.정몽규와 축구협회는 걍 버티면서 욕받이 몇몇만 내새우면 무조건 어물쩡 다 넘길수 있는 시나리오네요,1,https://www.clien.net/service/board/park/18764013?combine=true&q=%ED%99%8D%EB%AA%85%EB%B3%B4&p=2&sort=recency&boardCd=&isBoard=false,등록가능한별명,2943,2024-07-13 15:39:10,
18763996,홍감독 임명 강행을 보며..,이것들은 애초에 팬들의 말을 쳐들을 생각이 없는 폐쇄적인 조직입니다.답은 국대경기 보이콧이 제일 먹히는 방법일텐데..국대축구만 보는분들도 많은 국내 축구 구조상어려울것 같아서 답답하네요..다신 오지않을꺼같은 초대형 슈퍼스타와 역대 최고급이라 불리는 스쿼드를 지니고 있는대한민국 대표팀이 무너져가는거 같아서..그리고 점차 프로스포츠로서의 인기를 차곡차곡 쌓아가고 있는K리그에도 찬물을 뿌리는거 같아서..축구계의 고대라인들이 타파되길 진심으로 기원합니다..축협회장부터 OUT!,24,https://www.clien.net/service/board/park/18763996?combine=true&q=%ED%99%8D%EB%AA%85%EB%B3%B4&p=2&sort=recency&boardCd=&isBoard=false,토르아빠오딘,16564,2024-07-13 14:53:07,
18763984,"축협, 홍명보 감독 공식 선임 이사회 23명중 21명 찬성",반대 2명이 용감하네요기권인가?,1,https://www.clien.net/service/board/park/18763984?combine=true&q=%ED%99%8D%EB%AA%85%EB%B3%B4&p=2&sort=recency&boardCd=&isBoard=false,아스카시야,7230,2024-07-13 14:25:26,
18763863,전북팬들 입장에선 이 참에 박지성 협회 보내고 싶겠네요,"(어쩌다보니 요즘 모공에서 축구 글 올릴 때마다 02멤버 까는 글만 올리는 듯합니다 쩝.. 윤정환 감독 화이팅! 나는 한국영을 팔아먹어도 친윤이야!)<글이 길어서 서두에 쓰는 결론> 박지성이 축구협회로 가면 이미 망한 축구협회에 돌을 하나 더 얹을 뿐이지만, 이미 망한 전북현대와 전북현대의 부활이 필요한 K리그는 확실히 살아날 수 있습니다. K리그 팬 입장에서 박지성 전북현대 태크니컬 디렉터의 축구협회 합류를 지지합니다.워낙 국내활동이 없어서 다들 박지성 선수 정도로 기억하고 계신데 21년부터 전북현대의 어드바이저, 22년 9월부터 전북현대의 테크니컬 디렉터로 활동 중입니다.저게 말이 어드바이저지.. 그냥 영국 거주하는 비상근으로 일하는데 '디렉터'라고 할 수는 없으니 디렉터급 권한을 갖고 직책만 '어드바이저'라고 했던건데요. 물론 테크니컬 디렉터 취임 이후에도 영국에서 비상근으로 일하고 있습니다.축구는 선수랑 감독이 하는건데 왜 디렉터보고 책임지라고 하냐? 그 선수랑 감독을 어떤 플랜으로 데려올지 정하는게 디렉터니까요.작년 강등된 수원삼성의 경우 삼성 라벨을 달고는 있지만.. 야구팬분들은 라이온즈가 있으니 아실거에요. 삼성이 스포츠단 지원을 줄이면서 선수단 연봉이 K1 기준으로 중위권 수준까지 내려갔었습니다. 사실 K리그는 팀간 격차가 워낙 적은 리그라 여차하면 강등이니깐 사실 강등이 되어도 수치상으로는 이상하지 않을 팀이 맞았어요.근데 전북현대는 현재도 울산HD와 더불어 압도적으로 리그에서 돈을 많이 쓰는 두 팀 중 하나입니다. 우스갯소리로 전북현대 외국인선수 연봉만 합해도 광주FC 선수단 총연봉이랑 엇비슷하다는 소리가 나오는게 이상하지 않아요. 그 팀을 갖고 겨우 뒤에서 1등 2등 하고 있으면 디렉터가 책임을 회피하기가 어렵습니다.특히 2~3년간 데려온 선수들이 하나같이 실패하고, 감독도 데려오는 족족 실패하고(페트레스쿠 감독부터 현 김두현 감독까지), 그렇다고 B팀에서 제대로 선수가 올라오는 것도 아니고, 망하는게 질서있게 망하는(어떤 팀을 만들겠다는 플랜은 있는데 그 플랜이 안통하는)게 아니라 무질서하게 대충 괜찮은 애들 매물로 나오면 비싸게 데려와놓고 기존 축구와 조합이 하나도 안맞는 팀을 만들어놓고 있는게 박지성 체제에서의 전북현대거든요.같은 K리그팀 입장에서 리그 내에 호구사장 하나 있으면 단기적으로야 좋은데, 이러다가 현기차도 삼성처럼 '아이씨 매년 400억씩 들여서 이걸 왜 해?'가 나오면 솔직히 타격이 큽니다. 해외 자본이 들어온다면 몰라도 국내에 현기차만큼 축구에 돈 쓸 기업 없고, 앞으로도 없을 가능성이 크니까요. 예전 매수사건 때도 그렇고 비호감 이미지가 여러모로 있긴하지만 어쨌건 리그 입장에서도 전북현대가 살아나긴 해야합니다.마침 박지성 디렉터가 오랜만에 축구협회에 쓴 소리 했던데, 이 참에 축구협회로 합류해서 정씨랑 지지고 볶든 박타지 열사가 되든 그건 알아서 하시고.. 뭐 그랬으면 좋겠습니다. ",0,https://www.clien.net/service/board/park/18763863?combine=true&q=%ED%99%8D%EB%AA%85%EB%B3%B4&p=2&sort=recency&boardCd=&isBoard=false,강원대망론,2796,2024-07-13 10:28:24,
18763756,박지성의 위력과 축협 고위층에게 압박받는 박문성,https://m.cafe.daum.net/ssaumjil/EZLX/352110?q=%EB%B0%95%EB%AC%B8%EC%84%B1&엠비씨도 그동안 축협문제 잘 다뤄왔다가 이번에는 한템포 쉬어갔지만 박지성 발언도 영상뉴스나 텍스트 뉴스로 따로 다룰것 같습니다.박지성의 이번 발언은 정말 직설적이었고 많은 변화의 바람을 불러오면 좋겠어요!그리고 박문성 해설위원에게 실시간으로 축협 고위층들에게 압박이 들어가네요..진짜 뭣같은 놈들입니다.힘내요 박문성 위원!,68,https://www.clien.net/service/board/park/18763756?combine=true&q=%ED%99%8D%EB%AA%85%EB%B3%B4&p=2&sort=recency&boardCd=&isBoard=false,루다나리에,37127,2024-07-13 01:30:42,2024-07-13 01:33:15
18763688,"박지성 디렉터의 오늘 인터뷰, 선임 번복 얘기는...","정치적 표현으로 많이 쓰이는 말이긴 하지만,홍명보 감독에게 퇴로를 열어준 건데...그나마 남아 있는 명예를 지킬 수 있을 텐데 말이죠.",1,https://www.clien.net/service/board/park/18763688?combine=true&q=%ED%99%8D%EB%AA%85%EB%B3%B4&p=2&sort=recency&boardCd=&isBoard=false,화이트덕,11180,2024-07-12 22:22:07,2024-07-12 22:26:01
18763630,박지성 선수?위원도 축구협회 비판을 했군요.,"정몽규, 홍명보 둘 다 물러나는게 좋다라고 했는데..축구협회가 박주호 선수에게 고소니 뭐니했던것처럼 뭉게고 갈수있을지 궁금하네요.현 축구계에서 박지성 선수보다 대중에게 영향력있는 사람은 손흥민 선수 하나 뿐일텐데요.축구 관련 기자나 인플루언서들 다 등돌리는 상황에서 실제로 얼굴보는 사람들까지 저렇게 돌아서면 부담이 크겠네요.과연.. 이 참사의 결말은 어떻게 될까요.",2,https://www.clien.net/service/board/park/18763630?combine=true&q=%ED%99%8D%EB%AA%85%EB%B3%B4&p=2&sort=recency&boardCd=&isBoard=false,memories_,4728,2024-07-12 20:39:17,2024-07-12 21:01:39
18763579,축구협회 제대로 비판하는 박지성,https://www.youtube.com/live/HHUhBuJqnmI?si=ABQJiLxnNoj5MaU-https://m.cafe.daum.net/dotax/Elgq/4417541?q=%EB%B0%95%EC%A7%80%EC%84%B1&여태껏 박지성이 했던 모든 인터뷰중 가장 쎈 워딩 아닌가 생각됩니다.목소릴 잘 안내는 편이라 답답한적도 있었지만 이번만큼은 하고싶은말 제대로 꺼냈다고 생각해요.이영표조차도 이제서야 마음 바꿔서 비판하고 있으니박지성은 정몽규.홍명보 거취까지 거론하는것 같습니다.진짜 가장 강력한 한방되길.박주호가 물꼬 제대로 텄네요.유명축구인 해설위원들 같이 모여서 브리핑형식으로 발표하는것도 저는 좋다고 생각합니다.,3,https://www.clien.net/service/board/park/18763579?combine=true&q=%ED%99%8D%EB%AA%85%EB%B3%B4&p=2&sort=recency&boardCd=&isBoard=false,루다나리에,4883,2024-07-12 19:01:57,
18763561,홍명보 지금이라도 선임 취소하는 게 맞을 듯요.,"이건 실이 너무 커 보이네요. 이번엔 국내파로 가 본다, 그 중 홍명보가 괜찮은 대안이다, 정도엔 동의합니다만, 절차의 부재와 과실, 기만이 너무 크네요. 그냥 지금이라도 엎어 버리고 원점에서 시작하길 바랍니다. 코파, 유로 좀 있으면 끝나서 아직 늦지 않았어요.감독 매물 있습니다. 정몽규가 제발 정신 좀 차리고 뿌리부터 엎길 바라네요.",22,https://www.clien.net/service/board/park/18763561?combine=true&q=%ED%99%8D%EB%AA%85%EB%B3%B4&p=2&sort=recency&boardCd=&isBoard=false,이벤나우,18447,2024-07-12 18:29:31,
18763163,오늘의 읽을거리 : 찰리멍거 인터뷰,"사회자 : 지금 경제가 참 가늠하기 어려워 보입니다. 여러 기업을 거느린 버크셔의 부회장으로서 아주 훌륭한 안목을 가지고 계신데 부회장님이 현재 예상하시는 경제 전망은 어떻습니까?멍거 : 일단 자질에 대해 먼저 얘기해봅시다. 워런과 저의 삶이 성공적인 거시 경제 예측으로 이루어진 게 아닙니다. 저희의 방식은 최대한 능숙하게 수영을 하는 것입니다. 파도가 때론 우리한테 유리할 수도, 불리할 수도 있습니다.하지만 대게의 경우 어떤 파도가 올 지 예측하려고 안간힘을 쓰진 않습니다. 왜냐면 저희의 계획은 이 게임을 오래 플레이 하는 것이었으니까요. 여러분도 저희와 같은 자세를 취하길 바랍니다.거시 경제 사이클을 미리 예측한다는 건 일종의 망상과 함정입니다. 아주 극소수의 사람만이 그걸 성공적으로 할 수 있고 그 중에서도 일부는 우연히 맞추는 겁니다. 그 정도로 어려운 건데 수영을 최대한 능숙하게 하는 방식을 택하는 게 좋지 않겠냐는 거죠. 여러분의 긴 일생 동안 좋은 파도와 나쁜 파도 둘 다 수차례 밀려올 것을 생각하면서요.하지만 과거 불경기가 끝날 때마다 늘 취업률이 다시 회복되던 모습처럼 그와 같은 놀라운 속도로 다시 취업시장이 개선되는 모습은 기대하기 어려울 것 같습니다. 기업들이 저마다 점점 더 적은 인력을 쓰면서도 재무 상태와 이익력을 확고지 제고하는 경영 개선의 모습을 보여왔습니다. 최근 수십 년간 대부분의 시기와 비교해 보면 현재의 취업이 어려운 안 좋은 시장이라고 할 수 있죠.이를 받아들이는 저의 자세는 아주 심플합니다.여러분 모두 이렇게 말할 수 있어야 합니다.""그래서 어쩌라고?""좋은 파도가 올 때도 있고 나쁜 파도가 올 때도 있습니다. 아직 갈 길은 많이 남아 있고요. 다른 사람들 사례로 알 수 있듯이 여러분 세대 내내 끊임없이 버티고, 삶이 어떻든 능력과 품위로 대처하며 계속 정진하다 보면 여러분 몫의 돈과 명예를 챙길 날이 올 가능성은 아주 높습니다. 그걸 이룰 수 있는 자격만 갖춘다면요.이건 또 다른 조언이긴 한데, 삶에서 원하는 걸 얻는 가장 좋은 방법은 원하는 걸 받을 만한 자격을 갖추는 것입니다. 다른 방법이 있겠습니까? 받을 자격이 없는 사람들에게 마구잡이로 보상을 줄 정도로 세상이 그렇게 망가지진 않았어요. 따라서 끈을 계속 놓지 마세요.저라면 낙담만 하고 있지 않겠습니다. 오늘 오전 어느 그룹에 정말 심각한 취업난 사례를 한가지 들려줬습니다. 제 삼촌 프레드는 하버드 건축대학원을 우등으로 졸업해서 20년대에 그는 오마하에서 건축 일을 아주 성공적으로 하고 있었어요. 교회나 작은 빌딩들 그리고 주택까지 다 했습니다. 그는 연간 8천-만 달러를 벌었는데 1920년대 건축업계에서는 엄청난 수입이었습니다.30년대에 들어서 오마하의 건축 허가 건수는 오마하 전체를 통틀어 월 3만 달러까지도 떨어지곤 했어요. 심지어 그중 일부는 아궁이 수선 작업 정도 밖에 안 됐고요. 건축가들에게 일감이 아예 없었습니다. 뛰어난 건축가였던 제 삼촌 프레드도 마찬가지였고요. 그는 캘리포니아로 이사했습니다. 캘리포니아에서 여전히 일감을 가지고 있던 건축가들에게 아주 저렴한 가격으로 설계 일을 해주었습니다. 상황이 더 나빠져 이번엔 로스앤젤레서 카운티로 옮겼습니다. 그 때 카운티도 힘들어서 비용절약을 위해 그를 세탁업자로 분류해놓고 일은 건축설계 일을 맡겼습니다. 결국 그의 전문 기술을 계속 활용할 수 있게 된거죠. 그는 그 일이 수준 이하의 하찮은 일이라 생각하지 않고 최선을 다했으며 어느 누구에게도 불평하지 않았어요. 그리고 그의 급여는 뗄 거 다 떼고 월 31달러에서 32달러, 33, 34 그리고 108달러 까지 갔습니다. 보기보다 그렇게 나쁘지 않았습니다. 글렌데일에서 주택 하나를 통째로 월 25달러에 렌트할 수 있었으니까요. 1936년 연방주택청이 설립됐을 때 그는 거기 공무원 시험을 볼 수 있었습니다. 그가 최초였죠. 이후 그의 여생 동안 그는 LA 연방주택청의 수석 건축가로 지냈습니다. 실무 경험 이점을 살려 그 일을 오랫동안 행복하게 했더랬죠. 그는 절대 좌절하지 않았고 뭔가 투덜거려야겠다는 생각도 하지 않았으며 삼촌이 뭔가에 불평하는 걸 한 번도 들어본 적 없습니다. 오히려 제가 더 걱정됐죠.저는 긴 인생을 살면서 절대 하지 말아야 할 두 가지를 깨달았습니다. 하나는 절대 자기 자신에게 미안해하지 말라는 것. 내 아이가 암으로 죽어간다 해도 내 자신을 자책하지 말라는 것. 절대 스스로를 자책하지 마십시오. 두 번째로 절대 하지 말 것은 시기 질투입니다. 시기 질투는 일곱 대죄 중 어떤 쾌락도 즐길 수 없는 유일한 죄입니다. 차라리 딴 걸 고르세요 ㅋㅋ.아무튼 삶을 사는 동안 이렇게 안 좋은 시절이 와도 끊임없이 정진하시길 바랍니다. 키플링이 완전히 유행에서 뒤처지긴 했죠. ""A woman is only a woman, but a good cigar is a smoke.""라는 시대상과 안 맞는 구절을 썼으니까요. 다들 키플링을 잘 모르겠지만 키플링의 'if'라는 시는 여전히 명작입니다. 'if you can keep you head when all about you are losing theirs and blaming it on you'(주변의 모든 사람들이 정신을 잃고 그것을 당신의 탓으로 돌릴 때에도 당신이 침착함을 유지할 수 있다면). 이게 지금 월스트리트나 아니면 다른 여러 곳에서도 얼마나 훌륭한 조언이 될 수 있는지 한번 생각해 보십시오. 작은 출렁임들을 운명으로 받아들이라는 말을 그렇게 표현했죠.'treat those two impostors just the same' (성공과 실패 이 두 사기꾼을 똑같이 대할 수만 있다면)그리고 마지막 구절엔 이렇게 말합니다. 세상에 어떤 일이 닥쳐도 'you'll be a Man my son'참 좋은 메세지 입니다.그게 기회가 됐든 역경이 됐든 자신을 완성하기 위해 한번 부딪혀 보는 게 어떻습니까?지금 시대에 어떤 어려움이 있더라도 본인이 할 일을 정말 열심히 최선을 다해 꾸준히 하십시오. 제 나이 대와 그 이전 세대 중 최고의 커리어를 누렸던 사람들은 1930년대에 최악으로 두들겨 맞았던 사람들입니다. 단지 그들은 대호황이 다시 찾아왔을 때 그 자리에 살아남아 있던 것뿐입니다. 좋은 파도가 다시 올 그날까지 계속 붙들어 매고 있는 겁니다.",25,https://www.clien.net/service/board/cm_stock/18763163?combine=true&q=%ED%99%8D%EB%AA%85%EB%B3%B4&p=2&sort=recency&boardCd=&isBoard=false,야하하하,10979,2024-07-12 08:59:52,
18763077,금투세 이악물고 찬성하다가 이재명이 유예하자니…,"약 두달전쯤 금투세가 왜 미친법인지, 조목조목 설명드렸죠솔직히 그 대단한 사람들 모여있는거로 유명한 클리앙에서 그런글 써봐야 아 진짜 잘못된 법안이구나 생각 바뀔거라곤 1도 생각 안하지만 할말은 해야할거같아서 썼는데아니나 다를까 빈댓들 향연에 돈벌면 세금 내라 라는 이미 세금 내는 사람들인지도 모르는 무식한 말들의 향연이더군요당연히 그럴 수 밖에 없었을겁니다. 적어도 주식투자를 해본 사람이라면 제정신으론 금투세를 찬성할 수가 없을테니까요얼마나 클리앙의 집단린치가 심헸으면 제가 쓴 글에 수십개의 추천이 달렸는데 댓글로 제 글을 옹호해주는 분은 거의 없었습니다. 자기들과 민주당의 심기에 거스르는 말을 했다하면 빈댓 및 집단린치를 알고 있으니 조용히 추천만 하는, 참 웃픈 현실이더군요그러다가 이재명이 금투세 유예한다는 말하자마자 금투세는 문제 많은 법안이었다면서 갑자기 천지개벽하는 양 여론이 변하는거보면 참 재밌습니다. 그간 금투세 반대하는 사람에 대한 적대적 여론은 어디가고ㅋㅋㅋㅋㅋㅋ두달전 그렇게 집단린치 당하다가 태세전환하는 클리앙 분위기보고 웃겨서 글하나 씁니다",53,https://www.clien.net/service/board/park/18763077?combine=true&q=%ED%99%8D%EB%AA%85%EB%B3%B4&p=2&sort=recency&boardCd=&isBoard=false,우킉킉,31935,2024-07-12 00:12:03,2024-07-12 00:13:15
18762937,홍명보 타임라인.sbs,출처 SBS 축덕쑥덕 박진형 PD 입니다2월달 본인이 처음 후보로 거론되는 시점부터 강력하게 대표팀 감독으로 가길 원했으나 팬들의 반응이 좋지 않아서 이를 포기함이후 최종 후보자였던 제시 마치와 대표팀간 계약이 결렬되며 다시 본인이 후보로 거론되자 매우 기뻐한 것으로 암정해성 위원장과 전강위가 국대 감독 최종 후보자로 추천하겠으니 감독직을 맡아달라는 6월 달 제의를 이미 구두로 승락했었음축구계와 울산 선수단에 홍명보가 감독으로 간다는 소문이 6월초부터 파다했던 것은 이런 이유 때문그러나 이후 정몽규 회장이 홍명보는 이미 월드컵에서 실패한 감독이고 지도력 또한 의심된다며 선정을 최종 거절하자 이에 극대노함근래 협회와 정몽규를 저격하고 맹비난했던 것은 이런 이유 때문 협회의 시스템이나 일처리 부족을 지적한게 아니라 순전히 정몽규가 자신의 지도력을 의심하며 자존심이 뭉개진 것에 분노한 것몇 년전부터 홍명보는 사석이나 술자리에서 다시 국가대표팀 감독을 맡아 온전히 4년간 팀을 이끌고 싶다고 수차례 밝혀왔고 이를 꿈이라고 해왔음인생의 유일한 실패와 오명을 벗어 자신의 명예를 회복하고 자신의 업적을 만드는 것이 현재 홍명보의 유일한 목표,0,https://www.clien.net/service/board/park/18762937?combine=true&q=%ED%99%8D%EB%AA%85%EB%B3%B4&p=2&sort=recency&boardCd=&isBoard=false,modemate,3216,2024-07-11 17:15:10,2024-07-12 06:54:11
18762919,"[오피셜] KL1 울산, 홍명보 감독 계약 해지","https://sports.chosun.com/football/2024-07-11/202407110100090300012137https://www.instagram.com/p/C9RplZ0S57H울산HD 는 홍명보 감독과 상호 합의(?!) 하에 계약을 해지했습니다.루머에 의하면이후 인선은, 대행체제부터 국내감독, 외국인감독까지 다양하게 열려있다고 합니다.",1,https://www.clien.net/service/board/park/18762919?combine=true&q=%ED%99%8D%EB%AA%85%EB%B3%B4&p=2&sort=recency&boardCd=&isBoard=false,modemate,4192,2024-07-11 16:42:18,2024-07-11 17:39:02
18762915,국내 감독 선임에 화 많이 났다는 바그너 감독(feat.무도 유니버스),심지어 이임생은 홍명보 면접도 없었다는걸 다른 언론 인터뷰로도밝힌..바그너 감독도 아주 고평가 감독도 아니지만 연봉도 한국거주도 받아들이고 ppt자료도 다 가져와서 이야기했는데 갑자기 국내감독으로 아무통보도 없이 발표해버리니 이사단이..ㅡㅡ페노도 말하길 그냥 다루기 쉬운 감독을 뽑은 느낌이와중에 무도는 또 발굴됩니다 ㅋㅋ이때가 브라질월드컵 빅토리 응원단 만들때인것 같은데..,4,https://www.clien.net/service/board/park/18762915?combine=true&q=%ED%99%8D%EB%AA%85%EB%B3%B4&p=2&sort=recency&boardCd=&isBoard=false,루다나리에,10174,2024-07-11 16:39:24,2024-07-11 16:46:03
18762868,홍명보가 자신을 버렸다는데 뭔말인가요?,국내감독으로 특급 대우에 특급연봉을 받고국대감독 자리로 편하게 무임승차하는거 같은데 왜 저런말을 하는거죠진짜 버린거면  오로지 한국축구를 살리겠다는 사명감 하나로 노페이로 국감하면 됩니디,8,https://www.clien.net/service/board/park/18762868?combine=true&q=%ED%99%8D%EB%AA%85%EB%B3%B4&p=2&sort=recency&boardCd=&isBoard=false,zenka21,11808,2024-07-11 15:21:30,
18762753,"[루머] KL1 울산, 홍명보와 즉시 이별",https://m.sports.naver.com/kfootball/article/468/0001076223서울전에는 이경수 코치가 대행한다고 합니다.,0,https://www.clien.net/service/board/park/18762753?combine=true&q=%ED%99%8D%EB%AA%85%EB%B3%B4&p=2&sort=recency&boardCd=&isBoard=false,modemate,4021,2024-07-11 12:17:15,2024-07-11 12:17:25
18762749,[K리그] 울산vs광주.youtube feat. 홍명보,스포츠니어스가 잘 취재했네요,1,https://www.clien.net/service/board/park/18762749?combine=true&q=%ED%99%8D%EB%AA%85%EB%B3%B4&p=2&sort=recency&boardCd=&isBoard=false,modemate,1143,2024-07-11 12:14:54,2024-07-11 12:18:07
18762496,오늘 홍명보 감독 표정이 참...,내일 자고 일어나면 형장에 끌려가게 될 사형수를 보는 거 같았어요울상에 두려움 이런게 마구 뒤섞인...?울산 경기도 진짜 홍명보 심리를 그대로 구현한거처럼 들쭉날쭉하고,0,https://www.clien.net/service/board/park/18762496?combine=true&q=%ED%99%8D%EB%AA%85%EB%B3%B4&p=2&sort=recency&boardCd=&isBoard=false,쯤쯤이,13830,2024-07-11 00:09:20,
18762489,펌) 홍명보의 과거 행적,.. 몰랐네요 ㄷ ㄷ,48,https://www.clien.net/service/board/park/18762489?combine=true&q=%ED%99%8D%EB%AA%85%EB%B3%B4&p=3&sort=recency&boardCd=&isBoard=false,그란데,27324,2024-07-11 00:02:14,2024-07-11 00:06:22
18762469,홍명보 감독 인터뷰 전문,https://m.sports.naver.com/kfootball/article/436/0000088656오늘 울산팬들 걸개와 아웃콜 외치던데 홍감독님 참...이걸 왜 받아들여서는..,2,https://www.clien.net/service/board/park/18762469?combine=true&q=%ED%99%8D%EB%AA%85%EB%B3%B4&p=3&sort=recency&boardCd=&isBoard=false,루다나리에,9303,2024-07-10 23:34:14,
18762465,홍명보 뭐 훌륭하신 분인건 알겠는데....,"인터뷰를 보니한국축구의 철학, 행정, 시스템이 일관적인 방향으로 나아가야 한다는 게 나의 평소 지론이다. 그것을 위해선 A대표팀만큼 좋은 자리가 없다고 생각한다......머 대충 이런 식으로 말 하던데..한국축구의 시스템이 발전적인 방향으로 일관성을 가져야 한다는 데는 백번 동의합니다. 저 역시 축구팬으로서 한국축구 시스템의 문제에 대해 누구보다 공감하는 바이구요. 근데... 그걸 누구 맘대로 홍명보 당신이 하겠다는 겁니까????? 당신 뭐라도 되요??? 왜 그걸 당신이 하겠다는 겁니까???도전하는거 좋고, 평소 지론도 훌륭하신 거 알겠는데. 홍명보가 그걸 실행할 능력이 있는지 아직까지 보여준 적 없고. 그렇다고 축협 내부에서 정당한 의사결정을 통해 뽑힌 감독도 아니고. 오히려 다수의 반대 속에 축협 윗분들이 일방적으로 결정한 사람입니다. 누구 마음대로 도전하고 누구 마음대로 시스템을 만들겠다는 건가요? 사람들은 홍명보가 그걸 하기를 원하지 않습니다. 사람들은 홍명보보다  더 유능하고 경험이 많은 다른 감독이 그걸 해주길 바라는 겁니다.예전에 대선 토론회에서 박근혜가 문재인 후보에게 이런 말을 했죠: [그러니까 내가 대통령하겠다는 거 아니에요......] 오늘 홍명보를 보면서 이 장면이 자꾸만 떠오르더군요. 이 사태를 수습할 사람이 본인 밖에 없다 생각하는 건지, 아니면 어설픈 사명감에 사로잡혀 있는건지.물론 막상 또 홍명보가 잘할 수도 있습니다. 제발 그렇게 되길 바랍니다. 응원은 하겠습니다. 다만 오늘 인터뷰만 봐선 대한민국 축구의 미래가 암울하네요. 그래도 클린스만보다는 나으니 다행이라고 해야 할까요. 그래요 뭐... 클린스만보다는 나으니 만족해야죠. 축협에 뭘 바랍니까.",0,https://www.clien.net/service/board/park/18762465?combine=true&q=%ED%99%8D%EB%AA%85%EB%B3%B4&p=3&sort=recency&boardCd=&isBoard=false,귀백정,6858,2024-07-10 23:24:55,
18762446,홍명보 감독 인터뷰 짧은 감상평...,"- 2014년 월드컵을 망치고 성공한 축구선수로 오점을 남겼는데, 이번에 만회 하고 싶다. - 국대 선수들 트러블을 보고 큰일 났다고 생각해서 내가 나서서 바로 잡아야 한다.> 결론: 에고와 앨리트 주의에 쩔어 있음.",0,https://www.clien.net/service/board/park/18762446?combine=true&q=%ED%99%8D%EB%AA%85%EB%B3%B4&p=3&sort=recency&boardCd=&isBoard=false,화이트덕,7388,2024-07-10 22:48:41,
18762435,홍명보 인터뷰 너무 두서없어요,뭐라라는지 하나도 못알먹겠는데이걸 뭐 어쩌라는건지를 모르겠네요내용이라도 좀 적어서 오던가,0,https://www.clien.net/service/board/park/18762435?combine=true&q=%ED%99%8D%EB%AA%85%EB%B3%B4&p=3&sort=recency&boardCd=&isBoard=false,잉스,4728,2024-07-10 22:39:41,
18762433,홍명보 감상평!,언론으로 6개월동안 떠든거 너무 힘들었잖앙~ 진작에 와서.이야기 했으면 진작에 수락했을껀뎅 흥 미워~~~,0,https://www.clien.net/service/board/park/18762433?combine=true&q=%ED%99%8D%EB%AA%85%EB%B3%B4&p=3&sort=recency&boardCd=&isBoard=false,뒤뚱뒤뚱,4350,2024-07-10 22:38:05,
18762426,홍명보 기자회견 감상,참 끔찍한 사람이네요...,2,https://www.clien.net/service/board/park/18762426?combine=true&q=%ED%99%8D%EB%AA%85%EB%B3%B4&p=3&sort=recency&boardCd=&isBoard=false,modemate,4984,2024-07-10 22:30:58,
18762415,홍명보 기자회견 LIVE,입니다.,0,https://www.clien.net/service/board/park/18762415?combine=true&q=%ED%99%8D%EB%AA%85%EB%B3%B4&p=3&sort=recency&boardCd=&isBoard=false,modemate,4350,2024-07-10 22:11:33,
18762402,홍명보 끝까지 선수단 뒤에서 뒷짐지고 사과 한마디 안하네요,결국 홍명보 나가 콜을 배터지게 먹는군요...,0,https://www.clien.net/service/board/park/18762402?combine=true&q=%ED%99%8D%EB%AA%85%EB%B3%B4&p=3&sort=recency&boardCd=&isBoard=false,modemate,7964,2024-07-10 21:48:54,
18762307,어느 전강위원이 말하는 축협내부 이야기(박주호 아님),https://m.sports.naver.com/kfootball/article/144/0000974304https://m.sports.naver.com/kfootball/article/421/0007652989https://m.sports.naver.com/kfootball/article/469/0000811473제시마쉬 감독이 진짜 코치진들에게도 다 말하고 거의 되기직전이었는데..말도 안되는 금액인 20억내로 제시하니까 결렬된것 같네요.협상도 김판곤때랑 너무 다른느낌..진짜 제시마쉬 감독 올수 있었는데 하..가장 괘씸한건 정해성이 물러난게 홍명보를 윗선에서 거들떠도안보는것땜시었는데이임생에게 전권주고 결국 선택한게 홍명보라는거죠..축구센터 짓는다고 대출 3백억 받아놨으면 클린스만 따위에 돈낭비를 안했어야지.잘못선택해서 경질했으면 현실적인 감독 찾거나 아니면 돈을 더 써서 데려왔어야죠.이제와서 돈없다고 찡찡거리는거 진짜 보기 싫습니다.지들이 돈 버려놓고 재정드립 치는거 진짜 ㅡㅡ(그나마 바그너가 20억수준 받아들였던것 같네요.)내부 이야기 나오면 나올수록 한숨 나오네요.박주호 건드리는 치졸한 짓도 그만하길.오늘 울산 경기후에 홍명보 감독이 이야기 한다고 합니다.그리고 이와중에 이영표는 왔다갔다 이러네요.이제서야 축협 비판하기 시작합니다.,0,https://www.clien.net/service/board/park/18762307?combine=true&q=%ED%99%8D%EB%AA%85%EB%B3%B4&p=3&sort=recency&boardCd=&isBoard=false,루다나리에,3773,2024-07-10 18:47:20,2024-07-10 18:58:00
18762304,월드컵 본선 홍명보 VS 제시마치 라면. .,,0,https://www.clien.net/service/board/park/18762304?combine=true&q=%ED%99%8D%EB%AA%85%EB%B3%B4&p=3&sort=recency&boardCd=&isBoard=false,슬프다람쥐,2037,2024-07-10 18:42:51,
18762248,"[오피셜] KL2 안산, 임관식 감독 계약 해지","https://m.sports.naver.com/kfootball/article/436/0000088629성적은 안좋았지만 팬들로부터 평은 좋았던 임관식 감독이 구단과의 계약을 종료합니다.일단 안산의 선수들 인건비가 20억 정도라는 것과, 외인선수가 하나도 없는 상황이구요.안익수 대표와의 의견충돌이 원인이라는 루머가 있습니다.",0,https://www.clien.net/service/board/park/18762248?combine=true&q=%ED%99%8D%EB%AA%85%EB%B3%B4&p=3&sort=recency&boardCd=&isBoard=false,modemate,1839,2024-07-10 17:21:15,2024-07-10 17:21:33
18761556,축구협회 '홍명보 선임' 후폭풍…박주호 폭로에 법적대응 검토,https://n.news.naver.com/article/001/0014795739?sid=102정말 많은걸 각오하고 말한거라면 박주호 절대 지켜!축협은 자기들 행정이 문제된거 세상만사가 다아는데 반성좀 하시길.,6,https://www.clien.net/service/board/park/18761556?combine=true&q=%ED%99%8D%EB%AA%85%EB%B3%B4&p=3&sort=recency&boardCd=&isBoard=false,루다나리에,6409,2024-07-09 18:48:11,
18761487,"[루머] 축협, 울산vs광주전 통제권 행사시도","홍명보는 이제 국대 감독이므로, 축협이 울산 광주전 통제하겠다고 울산에게 통보했다고 합니다.당연하게도 울산은 빡쳤습니다.출처는 서형욱 유튜브 라고 합니다.",0,https://www.clien.net/service/board/park/18761487?combine=true&q=%ED%99%8D%EB%AA%85%EB%B3%B4&p=3&sort=recency&boardCd=&isBoard=false,modemate,3079,2024-07-09 17:02:52,
18761325,"[루머] 축협, 박주호 법적 대응 준비중",https://m.sports.naver.com/kfootball/article/468/0001075334KFA는 9일 박주호 발언에 대해 대책 회의에 나섰다. 비밀유지 협약서에 서명한 것을 근거로 법적 대응을 강구하고 있다. 물론 기사내용이 다 사실이라고 밝혀진건 아니니 걸러 들으시기 바랍니다.,0,https://www.clien.net/service/board/park/18761325?combine=true&q=%ED%99%8D%EB%AA%85%EB%B3%B4&p=3&sort=recency&boardCd=&isBoard=false,modemate,5603,2024-07-09 13:22:29,2024-07-09 13:24:59
18761310,다시보는 알제리전,다시보는 알제리전 홍명보가 온다니 다시 봐야죠 ,0,https://www.clien.net/service/board/park/18761310?combine=true&q=%ED%99%8D%EB%AA%85%EB%B3%B4&p=3&sort=recency&boardCd=&isBoard=false,gaiago,2040,2024-07-09 12:48:41,2024-07-09 22:02:58
18761258,홍명보 선임에 대한 K리그팬 민심 한 짤 요약,"처용전사 여러분, 울산HD는 안전합니다.지금 상대팀은 패주하고 있으며 우리 울산은 4번째 리그우승이 목전에 있습니다.",3,https://www.clien.net/service/board/park/18761258?combine=true&q=%ED%99%8D%EB%AA%85%EB%B3%B4&p=3&sort=recency&boardCd=&isBoard=false,강원대망론,6383,2024-07-09 11:29:50,2024-07-09 11:30:09
18761069,홍명보에 이어서 울산 팬들 빡치게 만드는 울산시,충남 아산도 개막전때 파랑유니폼이랑 다른 색 입게해서 논란이었는데 울산은 리모델링 좌석 가지고 정치질 하려고 하네요 ㅡㅡ저짝 사람들은 왜 자꾸 팀 상징 색이 파랑이면 불편해가지고 마음대로 붉게 바꾸려 하는지 이해가 안됩니다.진짜 유치합니다 유치해 팀 색깔이 불편하다고 하는 저양반들..그동안 팀상징이 붉은색인 팀들은 이런 파랑색으로 바꾸기 논란이 없었는데정치인 누구든간에 좀 스포츠 클럽팀 상징을 건드려서 서포터즈 심기좀 안건드렸으면 하네요.작년에도 우승 퍼레이드때 붉은색 테마와 머플러해서 비판 많이 받았습니다.지역 스포츠팀으로 선거운동 하지마세요 시장님.안그래도 울산 지금 홍명보때문에 뒤숭숭한데 서포터즈 심기 건드리지 마세요.울산의 상징색은 파랑과 노랑입니다.,38,https://www.clien.net/service/board/park/18761069?combine=true&q=%ED%99%8D%EB%AA%85%EB%B3%B4&p=3&sort=recency&boardCd=&isBoard=false,루다나리에,26134,2024-07-09 06:08:18,
18761037,클린스만 후임이 홍명보라니.....,이미 월드컵 본선에서 처참하게 깨진 감독을 또 연봉 많이 주면서 시킨다구요??차라리 월드컵 3위하고 16강 진출한 클린스만이낫겠네요 진짜 답없네요/Vollago,16,https://www.clien.net/service/board/park/18761037?combine=true&q=%ED%99%8D%EB%AA%85%EB%B3%B4&p=3&sort=recency&boardCd=&isBoard=false,전설인건가,20646,2024-07-09 00:41:16,
18760919,박주호가 밝힌 국대 감독 선임 비화.,"사진은 영상 촬영 도중 홍명보 내정 기사를 접한 박주호 표정 ‘....진짜요..?’-정해성의 전화를 받고 직접 참여하여 가장 넓은 범위의 감독들을 컨택하고,노땅 위원들이 ‘제시마시’가 누군지 조차 몰라서직접 자료 준비까지 했던 파추호. 파추호가 직접 추천한 감독 세명1.제시 마시 2.세아브라 3.아모림실제로 밀었던 건 1. 제시마시고 아모림은요즘 유럽에서 ‘핫’한 감독이니 알아 두셔라용도로 끼워갔다고 합니다. 역시 대부분 몰랐고 몸값이 어마어마 한지도 모르고 후보에 포함 시켜 버렸다고 합니다.2.세아브라는 포르투갈에서 가장 뜨고 있는젊은 감독이니 잘 긁으면 ‘아모림’ 처럼될 수 있는 감독이라 포함 시켰다고 합니다.제시마시는 한국에 관심이 매우 많았고 천안에 센터 생기는 것도 알고 있어서 본인도 마시가 될 거라고 생각했는데…무산 되었습니다.(-다른 채널 뽈만찬 윤진만 기자에 따르면 마시와 긍정적 협의를 나누던 중 몽큐가내한한 히딩크에게 감독 추천을 해달라고 했고호주 국대 감독 ‘그레이엄 아놀드’를 추천.여기에 꽂힌 윗선에서 마시와의 협의를 잠시 스탑.이때 여려가지로 빠그러졌다고 함)르나르는 정해성이 태도가 안 좋다고 에둘러 말했는데 실제로 르나르는 줌 미팅 때그다지 열의가 없어 보였고, 그래도 만나는봐야한다는 생각에 프랑스에서 만나기로 했다가,이틀 전에 영국으로 오라해서 티켓 바꿨더니아프리카쪽으로 와달라고 또 번복했다고 합니다.그래서 르나르도 선임 못했다고 합니다.시즌2로(…) 넘어가서, 가장 젊은 위원에다가유럽에서 대부분 선수생활을 한 박주호의 인프라를 활용해 접촉한 감독들 목록.1주일간 고민할 시간을 달라고 했는데 역시 유럽에남기로 했다고 정중히 거절.2.테르치치 전 도르트문트 감독 챔스 결승까지 도르트문트를 올려놓고 쉬고싶다고 또 정중히 거절. 전 노리치 감독. 그 감독. 실제로 거의 협상 완료했는데어제 홍명보 발표했다고 함.4.마르쿠스 기스돌전 호펜하임 감독. 공격축구로 유명. 김진수 피르미누 지도.5.우르스 피셔.전 우니온 베를린 감독. 분데스2에서 분데스리가로승격후 바로 챔스 진출. 6.졸트 뢰브박주호가 투헬측에 직접 감독 문의(…!)투헬은 완곡히 거절했고 대신 자신의 수석코치를추천해 주었다고. 그 사람이 졸트 뢰브. 그리고자신의 사단 몇 명을 데려가도 된다고 했다고 함.감독 경력이 없어서 축협이 거절 한 듯.결론 - 5개월간 20번의 회의를 했는데패싱 당하고 홍명보 내정이 됨에 따라 본인은 사퇴한다고 함. 지난 5개월간 너무 힘들었는데 난 대체 뭘한거냐고 격앙.",8,https://www.clien.net/service/board/park/18760919?combine=true&q=%ED%99%8D%EB%AA%85%EB%B3%B4&p=3&sort=recency&boardCd=&isBoard=false,중데렐라,12734,2024-07-08 20:03:13,
18760899,축구사이트들은 홍명보 때문에 난리가 났군요,홍명보가 욕많이 먹는군요..실력도 별로였나봐요?  그래도 울산 두번 우승시켜서 실력은 있는줄 알았는대무전술이라니? ,1,https://www.clien.net/service/board/park/18760899?combine=true&q=%ED%99%8D%EB%AA%85%EB%B3%B4&p=4&sort=recency&boardCd=&isBoard=false,always1004,8223,2024-07-08 19:05:10,
18760879,축구 국대 와장창 무너지기 전 같지 않나요?,지금 돌아가는 꼴 보면 홍명보 감독이 처음 극구 사양한다던 스탠스라고언론에 나왔던 모습도 좀 달리 보이고k리그 팬들 조차 감독으로써의 역량에 의문을품고 뭔가 와장창 무너지기 전이 아닌가 싶습니다제시 마치도 몰랐다는 소리가 들리던데 웃픕니다국대 응원 안할건 아니지만 --->이걸 노리고축협이 이러나 싶은게 선수빨로 버티는 것도아시아권 축구 실력도 많이 올라와서 힘들텐데...남미면 몰라도 유럽 팀들이랑도 나름 비등한 경기할 수 있는스쿼드라고 보는데 아이고야 소리가 나오네요,0,https://www.clien.net/service/board/park/18760879?combine=true&q=%ED%99%8D%EB%AA%85%EB%B3%B4&p=4&sort=recency&boardCd=&isBoard=false,망곰이는뚠뚠,4068,2024-07-08 18:25:58,2024-07-08 18:34:59
18760818,국대 승률 26.3% 의 감독을 재선임한 축구대표팀이라니....,"홍명보 감독의 국대 감독 승률이 19전 5승 4무 10패 26.3%라고 합니다.그 욕먹던 클린스만 보다 훨씬 못하죠.(승률 47%)K리그를 자주 보는 편인데, 선수 구성에서 한참 딸리는 광주 FC에게 (마치 동남아 축구 국대 선수 수준(광주FC )과 우리 선수 수준(울산)으로 차이난다고 하면 광주 FC에게 너무 실례려나...)2:1로 힘 한번 못 쓰고 지는 걸 보고 전술적으로 좀 나은 점은 없지 않나 생각했습니다. 전술적 유연성, 대처능력 모두 이정효 광주 감독에계 그냥 쳐 발리는 구나.조금만 대비를 하면 울산은 나가 떨어지겠구나,,,,,울산 2등 하는 것도 그냥 선수빨로 나아가는 거 같았거든요.그냥 울산 감독 계속 하지 왜 이런 선택을.......진심으로 최종 예선도 걱정이 됩니다.2등도 못할거 같고 3등으로 플옵 나가야 하지 않을까 싶어요.제발 이런 걱정이 기우이고 잘하면 좋겠습니다만이런 글 쓴 저를 부끄러워 하게 되면 너무 좋겠습니다만.....솔직히 기대가 1도 안됩니다.",1,https://www.clien.net/service/board/park/18760818?combine=true&q=%ED%99%8D%EB%AA%85%EB%B3%B4&p=4&sort=recency&boardCd=&isBoard=false,마구사자,2697,2024-07-08 17:04:20,2024-07-08 17:08:32
18760625,전 울산현대 소속 와타루가 평가한 홍명보 감독,https://sportiva.shueisha.co.jp/clm/football/wfootball/2023/07/21/100/?page=2불현듯이 라커룸에서 화내고 으쌰으쌰하던 영상이 생각납니다.10년전 모습이랑은 달라야할텐데울산축구도 결국 해줘 축구인가요?이제 코치진도 새로 편성해야할텐데 코치라도 유럽에서 걸출한 사람 데려올지 과연..일단 지금 같이 청대때부터 오래 일하고있는 그 일본인 코치도 같이 데려올련지는 모르겠군요.,0,https://www.clien.net/service/board/park/18760625?combine=true&q=%ED%99%8D%EB%AA%85%EB%B3%B4&p=4&sort=recency&boardCd=&isBoard=false,루다나리에,5451,2024-07-08 12:24:07,2024-07-08 12:25:18
18760600,이임생 기술이사 홍명보 감독 선임 브리핑과 k리그 감독들의 생각,https://m.sports.naver.com/kfootball/article/436/0000088523https://m.sports.naver.com/kfootball/article/241/0003363285https://m.sports.naver.com/kfootball/article/216/0000132159더 자세한 내용은 링크에 있습니다만은이제 홍명보 감독이 울산팬들 앞에서 어떤 말 할지가 궁금하군요.지금까지 외국인 감독들 협상력은 거의 제대로 하지도 않아놓고 임시감독 2명을 국대감독 하려다가 실패하고 그것도 안되니까 홍명보를 삼고초려하고 아오...그리고 이임생은 홍명보 선임도 회장에게 안알리고 부회장에게 알렸다하고 전강위 위원들에게도 제가 선택해도 괜찮겠습니까? 이러고 동의 받고 진행한거래요.또한 울컥울컥 하는 모습들도 보이시던데 하...ㅡㅡ(애초에 몽큐가 클린스만 선임 안하고 당시 경쟁이던 젊은감독인 모레노 감독 선임했으면 돈낭비도 안되고 괜찮았을텐데 이게 뭡니까? 천안축구센터 짓는다고 300억 대출 받았으면 벤투 후임감독 제대로 뽑았어야죠?)우리 축구 앞날이 어찌될련지.홍감독이 울산에서 하는 모습은 전술가형은 아니라고 합니다.신태용 김기동 이정효 감독같은 스타일이죠 전술가형은.근데 국내감독들은 굉장히 응원해주고 할 만하다 라고 호평하네요.그리고 진짜 울산 내년 클월도 있고 해야할게 많은데 진짜..팬들에게 안심하라던게 결국 거짓말..처용전사들이 이번에 진짜 가만 안있지 않을까요.,0,https://www.clien.net/service/board/park/18760600?combine=true&q=%ED%99%8D%EB%AA%85%EB%B3%B4&p=4&sort=recency&boardCd=&isBoard=false,루다나리에,4326,2024-07-08 11:46:09,2024-07-08 11:52:44
18760550,축구 국대 감독이 욕받이긴하지만,이임생 이사 말로는 외인감독하고 동등한 보수라는데.  홍명보 이번 국대 연봉 20억정도 예상하던데 .....쏠쏠하긴하겠네요 ...,0,https://www.clien.net/service/board/park/18760550?combine=true&q=%ED%99%8D%EB%AA%85%EB%B3%B4&p=4&sort=recency&boardCd=&isBoard=false,해요해요,2618,2024-07-08 10:44:58,
18760535,[오피셜] 한국 축구국가대표팀 감독 KL1 울산 홍명보 선임,https://www.instagram.com/p/C9JKGt9hrfr/최고의 선수진그 외에 전부 최악이군요.,0,https://www.clien.net/service/board/park/18760535?combine=true&q=%ED%99%8D%EB%AA%85%EB%B3%B4&p=4&sort=recency&boardCd=&isBoard=false,modemate,3596,2024-07-08 10:29:39,
18760521,축협 '홍명보와 '2027년 1월까지 계약',https://www.youtube.com/live/3w0jOo1yQ0E어이가 없네요 ㅋㅋㅋ,0,https://www.clien.net/service/board/park/18760521?combine=true&q=%ED%99%8D%EB%AA%85%EB%B3%B4&p=4&sort=recency&boardCd=&isBoard=false,키즈리턴,3925,2024-07-08 10:04:43,
18760519,축구협회 기자회견 라이브입니다.,홍명보 감독의 임기는 다음 아시안컵까지라고 하네요.,0,https://www.clien.net/service/board/park/18760519?combine=true&q=%ED%99%8D%EB%AA%85%EB%B3%B4&p=4&sort=recency&boardCd=&isBoard=false,memories_,2151,2024-07-08 10:03:42,2024-07-08 10:04:13
18760325,대한민국 축구 대표팀 감독 선임 어려움,"일단 유명 감독은 많은 연봉을 줘야 옵니다.유럽도 아닌 동아시아에서 장기 체류하는 것을 이들이 우선 좋아하지 않습니다. 유럽 대륙에서 클럽, 대표팀을 해야 추후 커리어에도 도움이 되기도 하고 가족과 떨어져 아시아에 오는 것을 달가워 하지 않습니다. 감독이외에도 수석코치, 공격/수비 코치, 골키퍼 코치 등 최소 3-4명 코치를 데리고 오기에많은 급여이외에도 부대 비용(주택, 자동차..)이 듭니다. 또한 외국인 감독이 오게 되면 축구협회 말빨이 먹히지 않습니다. 외국인 감독은 경질되지 않고 자신 추후 커리어를 위한다면본인 전술에 맞는 선수를 기용하고자 하고협회에 다양한 역할을 지닌 전문가(의료, 트레이너, 비디오 분석)를 할겁니다.  이런 부분들이 협회입장에서도 껄끄럽습니다. 협회 입김을 수용해서 대표팀을 운영해주는 감독이 좋지요예를 들면,  경기력 향상을 위해서 개인 트레이너, 근육 마사지 전문가를 고용합니다. 협회가 지정한 전문인력 이외에 감독이 외부 인력을 고용하는 것을 좋게 보지는 않을겁니다. 유명한 클럽팀, 국가 대표팀을 지휘한 유명 감독이라면이러한 부분을 양보하고 거금을 주고 모셔오지만어중간한 해외 감독에 거액 연봉과 권한을 부여하기는영 마뜩찮을 겁니다. 과거 실적을 냈지만 하향세에 있거나한번 반등해야할 유명 감독이 현재 지휘할 팀이 없는운이 따라줘야 팬들 눈높이에 부합되는 히딩크 같은 감독을 모셔올수 있습니다. 이런 부분들이 있으니 국가대표팀 감독 선임은 꾸준히 감독 풀을 갱신하고 유럽 축구 시장을 모니터링한 데이터가 존재한 상태에서 행정적인 프로세스가 잘 받춰줘야 가능한데너무 협회는 너무 주먹 구구 식으로 운영한 것입니다. 결국 시간만 허비하고 임시 감독 체제로 국가대표팀을 운영하다가 그나마 인지도와 팀 장악력이 잇는 레전드 선수에게사정하다시피 선임한 것이죠.홍명보 감독이 선수로서 능력은 깔게 없습니다. 한국에서 이런 수비수가 나온것 이상할 정도입니다. 단순히 힘과 피지컬로 윽박질러서 수비하는 게 아니라 공간 이해력을 바탕으로 커버플레이하고 플레이 메이킹까지 가능한 선수엿습니다. 감독으로서는 많은 아쉬운 점이 있습니다.세계 축구 흐름에 걸맞는 전술을 짜고 운영할 수 있는가는미심쩍지만 팀 장악력은 한국 감독으로서 압도적이었습니다. 해외파, 노장파, 국내파 등 개성 많은 선수들이 갈등하고따로 노는 것을 규합하는 능력은 인정해야 할 것 같습니다. 조광래, 최광희 감독 시절 해외파 선수들이 SNS로 감독에 반기를들기도 했고, 더 과거에는 훈련 거부를 말하면서 숙소에서 나간적도 있었습니다. 그만큼 축구 한다는 선수들 장악하는 것은 쉽지 않은 지도자 능력입니다. 홍명보 감독도 2014년 월드컵에 소방수로서팀이 와해된 상황에서 크게 고초를 겪었는데왜 10년 후에 동일한 상황에서 대표팀 감독을 맡았는지는저도 궁금합니다. 선수로서는 모든 영광을 누렸고감독으로서 올림픽에서 큰 성과를 냈고월드컵에서 실패를 만회하고 싶은 것인지?아니면 한국 축구로 많은 혜택을 받았으니자기가 희생되더라도 한국축구를 위해 십자가를 진것인지?아니면 현대 그룹 입김이 강하게 작용하는 한국 축구판에서척을 지게 되면 자신이 행정가, 지도자로서 설 자리가 없는 것을알아서 원치 않지만 하는 것인지?언론을 통해서 홍명보 감독이 밝혀야 할 것 같습니다. ",2,https://www.clien.net/service/board/park/18760325?combine=true&q=%ED%99%8D%EB%AA%85%EB%B3%B4&p=4&sort=recency&boardCd=&isBoard=false,Magnuz,9818,2024-07-07 21:57:07,
18760301,홍명보가 능력이 있긴한가요 참나..,솔까 2014때는 처참 그 자체에 제가 지금까지 봤던 월드컵 최악의 본선 경기력이었는데..물론 그때랑 지금은 감독 경험치에서 다르겠지만 저는 월드컵이나 아시안컵 본선은 감독의 역량으로 세계적인 흐름에 잘 따라가는 감독일수록 우리나라같은 언더독 팀들은 유리한 경기력으로 만들수 있다고 보는데 벤투같은 경우처럼요.솔직히 월드컵 본선가도 믿음이 전혀 안가는 감독입니다.. 이정도로 외국인 뽑는게 이렇게 어려운가 싶네요,7,https://www.clien.net/service/board/park/18760301?combine=true&q=%ED%99%8D%EB%AA%85%EB%B3%B4&p=4&sort=recency&boardCd=&isBoard=false,zarder,15121,2024-07-07 21:30:46,
18760295,"[TV조선] 이임생, 홍명보 집 앞에서 기다려서 설득.jpg",오늘자 뉴스,1,https://www.clien.net/service/board/park/18760295?combine=true&q=%ED%99%8D%EB%AA%85%EB%B3%B4&p=4&sort=recency&boardCd=&isBoard=false,컴쟁이,9072,2024-07-07 21:15:14,
18760277,정해성 사퇴하고 홍명보가 되기까지 생각해보면..,기자들이 확인한 것은..홍명보가 1순위다..정몽규 쪽에서 거절해서 정해성이 사퇴했다.. 이고..5달이나 가만히 있던 홍명보가 나타나 기자회견으로 축협을 까고..축구지도자협회라는 곳도 갑자기 공격을 하기 시작했죠..그러다가 홍명보가 내정됐다는 황당한 뉴스가 오늘 나온거 보면..혹시 홍명보를 감독으로 세우고 싶어하는 정해성과 그 관계 세력들이..정몽규에게 항명하고 정몽규가 어쩔 수 없이 받아 들인 그런 상태가 아닌가 싶기도 하네요..안그러면 왜 갑자기 국내파 감독에다가 이미 국대에서 실패한 감독을 또 쓰는걸까요.. ㅎ,1,https://www.clien.net/service/board/park/18760277?combine=true&q=%ED%99%8D%EB%AA%85%EB%B3%B4&p=4&sort=recency&boardCd=&isBoard=false,겐짱.,4684,2024-07-07 20:24:51,2024-07-07 20:27:04
18760201,축구대표팀 감독 홍명보로 내정,https://v.daum.net/v/20240707141352488홍감독님 그렇게 비판하고 안하시겠다더니 이게 뭡니까?....울산팬들은 화 많이 날것 같은데요 ㅠ축협은 진짜 프로세스 엉망진창..,4,https://www.clien.net/service/board/park/18760201?combine=true&q=%ED%99%8D%EB%AA%85%EB%B3%B4&p=4&sort=recency&boardCd=&isBoard=false,루다나리에,9539,2024-07-07 17:22:04,
18760188,결국은 홍명보네요.. ㅋㅋㅋ,진짜 축협 너무 하네요.. ㅋㅋㅋㅋㅋ그냥 자기네들 다 해먹어야 하니까 해외 감독 뽑기 싫고..축협의 돌려 먹기로 감독 뽑고 싶다고 하지 뭐 그리 어렵게 5달이나 질질 끄나요.. ㅋㅋㅋ축협에서 홍명보-황선홍이 국대 감독 시키고 싶다라고 하는 말이 허언이 아니였네요..르나르나 제시 마치 태도가 건방지다는 핑계로 안 뽑은 축협의 의도는 결국 홍명보네요.. ㅎㅎㅎㅎㅎㅎ(제시 마치 지금 캐나다로 코파 아메리카 4강 갔습니다..)맨날 기사로 국내 감독 이야기 나오더니 다 간보기였고..결과는 정해져 있네요..,1,https://www.clien.net/service/board/park/18760188?combine=true&q=%ED%99%8D%EB%AA%85%EB%B3%B4&p=4&sort=recency&boardCd=&isBoard=false,겐짱.,4838,2024-07-07 16:56:41,
18760139,역대 남자 축구대표팀 감독 [그래픽] - 2000년 이후기준,2026 북중미 월드컵을 앞두고 흔들리던 한국 축구가 결국 '형님' 홍명보 울산 HD 감독에게 지휘봉을 맡긴다.대한축구협회는 홍 감독을 차기 축구대표팀 감독으로 내정했다고 7일 밝혔다.,0,https://www.clien.net/service/board/park/18760139?combine=true&q=%ED%99%8D%EB%AA%85%EB%B3%B4&p=4&sort=recency&boardCd=&isBoard=false,PRES21,2370,2024-07-07 15:23:40,
18760130,알제리에게 전반전 유효슈팅 0으로 0:3하던게 엇그제인데...,다시 그꼴을 보게 되는건가요.축구 이제 꼴보기도 싫네요.클럽감독으로 잘 하던데 계속하지 왜 그런선택을.....,0,https://www.clien.net/service/board/park/18760130?combine=true&q=%ED%99%8D%EB%AA%85%EB%B3%B4&p=4&sort=recency&boardCd=&isBoard=false,마구사자,1890,2024-07-07 15:14:31,
18760120,국대 감독 홍명보라니....,"본인이 안한다고 한걸로아는데,내정이라니.HD현대 울산은 어쩌라고.클린스만 가고 난 후 한국 축구는 이대로 망하는건가요..ㅜㅜ",0,https://www.clien.net/service/board/park/18760120?combine=true&q=%ED%99%8D%EB%AA%85%EB%B3%B4&p=4&sort=recency&boardCd=&isBoard=false,마구사자,2404,2024-07-07 14:55:47,
18760109,이시점엔 홍명보가 최선인듯,전 안정적이고 좋습니다 2012 런던의 재현을 ~,0,https://www.clien.net/service/board/park/18760109?combine=true&q=%ED%99%8D%EB%AA%85%EB%B3%B4&p=4&sort=recency&boardCd=&isBoard=false,짜장면과돼지갈비,2675,2024-07-07 14:39:18,
18760103,차기 축구대표팀 감독 홍명보,"속보네요 ㅋㅋ축구대표팀 차기 사령탑에 홍명보 울산 감독
https://m.yna.co.kr/view/AKR20240707027800007",0,https://www.clien.net/service/board/park/18760103?combine=true&q=%ED%99%8D%EB%AA%85%EB%B3%B4&p=4&sort=recency&boardCd=&isBoard=false,동차합격자,4239,2024-07-07 14:23:17,2024-07-07 14:23:58
18756518,축구 감독선임 간 정해성 사퇴설,사커라인 축게보니히딩크가 호주 현감독 추천 독일월컵때 코치였죠 아마그래서 기술위원이랑 회장 전부 다 그리 점찍었다는 설정해성 현타오고표면상 사퇴지만 경질이라하네요그레이엄 아놀드라고 2월 아시안컵 흥민이한테결승 프리킥 맞으신분홍명보감독이 그래서 빡쳤다네요,0,https://www.clien.net/service/board/park/18756518?combine=true&q=%ED%99%8D%EB%AA%85%EB%B3%B4&p=5&sort=recency&boardCd=&isBoard=false,오르테가,3608,2024-07-01 22:20:11,2024-07-01 22:23:27
18755085,2002 월드컵 세대들은 현재 행보가 정말 아쉽네요.. (축구이야기),"저는 축구를 워낙 좋아해서 국대 축구 흘러가는 소식도 계속 체크해보고있는데 현재 상황을 보니 정말 안타깝고 답답한 상황입니다 ㅠㅠ 아시는분들은 아시겠지만 지금 국대감독선임 책임자임 정해성 위원장 ( 어제부로 사퇴 ) 하고 있는 일도 그렇고 그 외에 현재 나머지 2002 세대 선수들도 한국축구에 그 어떤 도움도 안되고 있는 듯 합니다.. 카타르 월드컵때도 후배들이 정말 열심히 뛰고 있는데 지지해주는 사람 하나 없이 오로지 비판 하기 바쁘거나 침묵하기 바빳던 2002 세대들 오히려 아직 현역으로 뛰고 있는 기성용, 이청용 , 구자철 선수들이 선수들 지지해주고 응원하는 인터뷸로 여론 조성했던거를 봐도 2002 세대는 과연 뭘하는건지 모르곘네요 ㅎㅎ 이번 클린스만 사태부터, 올림픽 탈락도 축구협회에 쓴소리 하나 해주는 사람 없고, 어떤 선수들은 단지 예능찍기 바쁘고, 어떤 선수는 축구협회 옹호하기 바쁘고, 정말 답답합니다. 2002년 수많은 감동과 영광을 안겨준건 부정못할 사실이지만 지금 이들의 행보는 정말 실망스럽습니다.. ㅠㅠ 그나마 홍명보 감독만이 지금 축구계에서 나름 좋은 길로 가고 있고, 사실 리춘수는 정치적으론 정말 싫어하지만 그나마 현재 개인 유투브를 통해 협회에 할말 해주고 있는거 같아서 이거 하나는 좋게 보고 있습니다.. ㅠㅠ 지금 축구협회와 축구계가 지금 윤석열 정부와 너무나 똑같은 모습으로 가고 있는거 같아서 정말 아쉽네요 ㅠㅠ ",1,https://www.clien.net/service/board/park/18755085?combine=true&q=%ED%99%8D%EB%AA%85%EB%B3%B4&p=5&sort=recency&boardCd=&isBoard=false,몽글이동글이,7072,2024-06-29 15:31:25,
